student_id,attendance_percentage,internal_score,assignment_score,lms_activity,engagement_time,previous_gpa,risk_label
10001,81.97,100.0,80.64,88.47,6.3,8.51,LOW
10002,49.01,40.65,47.36,15.75,1.0,4.92,HIGH
10003,86.41,76.55,79.88,85.54,11.01,7.54,LOW
10004,70.94,67.64,59.83,69.29,4.76,6.15,LOW
10005,95.05,69.86,84.89,66.1,6.85,8.48,LOW
10006,79.72,72.32,,74.33,4.83,6.59,LOW
10007,88.39,94.18,67.71,88.49,3.72,9.38,LOW
10008,69.88,64.65,69.54,69.05,8.37,6.66,LOW
10009,13.66,21.1,20.73,8.61,1.29,2.99,HIGH
10010,87.75,82.49,79.18,77.23,9.34,8.36,LOW
10011,36.6,31.74,47.15,18.14,0.19,4.58,HIGH
10012,66.74,61.81,68.95,53.08,5.99,6.77,LOW
10013,89.41,90.7,95.17,72.68,8.21,7.89,LOW
10014,66.62,66.44,60.94,46.26,4.6,5.57,MEDIUM
10015,52.89,28.34,17.68,,0.58,5.24,HIGH
10016,38.91,42.0,46.74,11.39,1.09,2.68,HIGH
10017,67.58,47.55,59.39,41.64,3.87,5.81,MEDIUM
10018,28.08,42.19,58.38,26.69,2.25,6.5,HIGH
10019,74.66,46.56,51.84,70.01,10.19,6.38,LOW
10020,76.33,59.45,60.44,59.26,6.5,5.25,LOW
10021,55.37,45.33,48.07,22.84,2.16,5.26,MEDIUM
10022,90.64,85.71,89.33,79.39,9.75,9.88,LOW
10023,84.81,64.84,71.45,91.47,8.38,6.98,LOW
10024,86.61,96.14,97.9,98.81,15.8,9.79,LOW
10025,93.66,84.3,73.82,95.29,9.87,7.33,LOW
10026,28.07,21.5,22.15,13.09,1.28,0.99,HIGH
10027,92.45,55.46,72.89,59.63,4.18,7.47,LOW
10028,82.55,89.1,87.21,60.74,,9.59,LOW
10029,70.05,40.51,65.28,30.4,3.19,6.49,MEDIUM
10030,28.11,27.37,48.15,13.46,1.23,4.19,HIGH
10031,74.28,61.88,57.2,23.19,3.06,6.94,MEDIUM
10032,91.02,76.02,80.29,67.76,5.77,8.48,LOW
10033,61.59,50.42,41.56,36.42,2.45,5.63,MEDIUM
10034,88.82,75.08,,62.58,3.57,7.88,LOW
10035,81.28,64.43,66.86,83.59,9.39,6.66,LOW
10036,73.57,44.93,59.53,52.38,4.52,5.79,MEDIUM
10037,100.0,60.22,,76.49,6.94,8.81,LOW
10038,78.21,74.62,55.82,63.24,1.31,6.92,LOW
10039,100.0,99.15,97.5,87.72,9.89,8.5,LOW
10040,40.06,40.5,53.12,14.29,0.14,5.46,HIGH
10041,47.39,41.63,61.1,22.14,1.67,4.03,HIGH
10042,81.07,59.22,64.21,66.11,6.67,6.99,LOW
10043,16.5,21.15,47.65,11.39,1.2,3.98,HIGH
10044,70.11,40.85,43.53,43.91,3.97,5.15,MEDIUM
10045,95.15,64.49,63.01,68.3,5.56,5.93,LOW
10046,63.39,67.15,75.12,49.56,4.34,7.61,MEDIUM
10047,56.1,42.6,50.02,25.57,3.03,5.69,MEDIUM
10048,76.02,46.49,60.36,49.78,4.5,7.2,MEDIUM
10049,47.29,24.23,25.24,0.0,0.0,3.07,HIGH
10050,72.0,70.57,86.07,88.06,10.31,8.18,LOW
10051,72.59,65.66,52.08,48.8,,8.19,LOW
10052,47.6,35.81,46.77,8.11,1.59,2.81,HIGH
10053,71.89,53.2,62.87,70.53,5.47,5.93,LOW
10054,40.75,33.81,29.72,10.7,0.73,6.07,HIGH
10055,77.2,74.01,57.07,74.52,8.27,8.14,LOW
10056,81.36,63.87,76.23,76.75,7.6,6.47,LOW
10057,83.96,76.97,72.97,77.04,8.0,8.55,LOW
10058,81.35,66.38,74.75,44.31,3.46,7.02,LOW
10059,89.65,70.75,77.57,84.53,6.1,7.76,LOW
10060,85.38,29.13,31.09,9.41,0.58,3.4,HIGH
10061,70.96,,52.63,39.4,2.35,7.41,LOW
10062,64.06,30.79,40.93,24.47,2.17,6.17,MEDIUM
10063,81.73,83.3,67.84,95.73,7.94,8.04,LOW
10064,71.4,78.68,64.58,44.24,,6.82,LOW
10065,85.14,75.89,74.78,99.06,9.69,7.65,LOW
10066,79.61,57.82,68.97,78.82,6.43,6.2,LOW
10067,100.0,73.59,67.15,55.69,5.44,8.9,LOW
10068,86.94,84.85,75.77,63.29,,7.53,LOW
10069,23.38,28.74,25.78,0.0,0.25,3.47,HIGH
10070,90.15,79.49,68.32,75.4,7.54,7.47,LOW
10071,94.23,79.5,66.04,97.09,10.42,7.86,LOW
10072,38.9,26.48,26.67,1.79,0.0,2.94,HIGH
10073,86.61,69.6,,84.33,8.13,8.57,LOW
10074,85.24,98.58,,69.26,9.29,8.94,LOW
10075,74.09,57.68,75.23,26.77,2.99,6.86,MEDIUM
10076,40.68,12.41,15.88,0.0,0.0,5.24,HIGH
10077,79.04,79.07,93.29,87.61,6.88,8.24,LOW
10078,64.49,47.59,54.33,,3.65,4.7,MEDIUM
10079,54.55,30.76,44.8,22.22,2.58,6.83,HIGH
10080,92.01,65.7,71.34,81.64,6.46,8.56,LOW
10081,42.01,32.53,47.55,24.59,1.88,6.17,HIGH
10082,60.15,58.45,42.05,32.63,4.62,5.06,MEDIUM
10083,82.12,62.98,88.6,48.15,2.34,7.8,LOW
10084,78.61,61.26,69.35,53.79,6.81,4.95,LOW
10085,81.43,96.75,87.56,80.24,7.12,9.6,LOW
10086,93.36,89.25,82.92,41.73,5.31,9.83,LOW
10087,80.37,71.26,80.11,43.44,4.58,7.41,LOW
10088,65.65,56.4,40.24,22.82,1.22,3.84,MEDIUM
10089,38.46,31.77,33.45,17.82,1.16,2.11,HIGH
10090,77.89,66.66,74.78,41.98,3.07,8.45,LOW
10091,83.6,63.74,66.31,,4.18,7.27,LOW
10092,100.0,89.04,,64.97,8.75,7.44,LOW
10093,59.99,37.9,49.66,12.95,1.33,4.81,HIGH
10094,11.89,10.28,26.69,14.47,1.85,0.51,HIGH
10095,73.04,70.41,68.09,52.31,2.95,7.93,LOW
10096,81.13,77.46,77.12,58.19,6.42,8.31,LOW
10097,49.05,34.47,33.32,2.7,2.34,6.74,MEDIUM
10098,76.89,68.39,72.82,83.01,5.4,6.37,LOW
10099,80.03,76.6,89.23,68.11,6.35,7.87,LOW
10100,69.11,55.62,76.12,100.0,13.5,7.95,LOW
10101,78.19,74.82,81.12,56.6,4.85,5.28,LOW
10102,71.41,77.03,70.7,42.75,,7.11,LOW
10103,64.27,54.08,48.14,21.3,3.67,7.11,MEDIUM
10104,72.97,59.71,57.96,77.85,9.0,6.25,LOW
10105,49.32,32.35,31.87,0.0,0.0,5.26,HIGH
10106,58.39,31.54,43.65,20.5,1.65,6.63,MEDIUM
10107,65.46,57.43,66.05,51.94,,7.72,MEDIUM
10108,56.49,19.13,19.76,20.66,1.4,4.78,HIGH
10109,65.1,41.21,32.93,27.49,3.0,5.62,MEDIUM
10110,60.1,52.32,29.0,24.98,1.99,4.5,MEDIUM
10111,59.6,55.6,49.37,,0.42,4.1,MEDIUM
10112,90.41,57.89,50.3,55.53,5.24,7.24,LOW
10113,76.18,62.91,84.83,68.83,6.46,7.88,LOW
10114,97.37,71.28,77.55,50.42,2.76,6.62,LOW
10115,82.81,73.51,71.98,54.89,5.58,6.21,MEDIUM
10116,62.84,33.76,51.56,24.19,3.51,4.13,HIGH
10117,91.83,71.67,74.12,52.74,8.02,8.07,LOW
10118,82.72,57.81,61.67,53.94,5.04,7.24,LOW
10119,58.76,38.46,46.54,13.81,1.42,5.05,HIGH
10120,88.86,92.17,86.5,75.0,8.93,8.61,LOW
10121,89.77,73.87,86.8,87.18,7.81,9.66,LOW
10122,82.93,65.46,79.0,56.37,8.48,6.99,LOW
10123,78.46,58.94,61.37,56.91,3.84,6.78,LOW
10124,65.28,36.84,59.2,25.71,4.78,5.28,MEDIUM
10125,62.93,53.42,67.36,13.87,1.33,6.54,HIGH
10126,81.56,61.63,53.28,52.61,2.4,5.37,LOW
10127,68.85,53.58,56.04,36.26,2.72,5.56,MEDIUM
10128,72.59,66.29,45.78,39.66,4.22,4.96,MEDIUM
10129,84.1,60.39,67.66,63.76,,7.36,LOW
10130,43.48,31.25,32.95,4.55,0.46,3.74,HIGH
10131,73.26,46.62,,57.35,3.06,6.1,LOW
10132,68.42,64.4,,37.85,3.57,6.23,LOW
10133,74.86,60.25,60.29,36.98,6.02,5.7,MEDIUM
10134,72.77,38.77,56.33,37.31,4.0,5.95,MEDIUM
10135,64.83,50.57,55.33,,3.45,5.48,MEDIUM
10136,79.12,59.45,55.95,63.82,5.54,6.75,LOW
10137,84.98,70.17,77.65,61.52,9.33,9.56,LOW
10138,68.28,66.18,64.79,71.94,6.77,8.05,LOW
10139,76.87,73.39,,58.56,5.86,6.54,LOW
10140,100.0,68.54,57.16,62.28,3.91,7.6,LOW
10141,76.5,75.43,69.26,,7.34,8.94,LOW
10142,49.07,30.55,51.42,7.83,0.71,4.37,HIGH
10143,82.49,72.52,84.4,,7.17,8.56,LOW
10144,60.68,40.51,66.46,34.19,5.45,6.9,MEDIUM
10145,100.0,75.26,72.65,70.37,5.61,9.08,LOW
10146,55.13,33.18,36.48,30.6,3.36,3.27,MEDIUM
10147,65.13,58.99,65.53,22.78,1.12,5.4,MEDIUM
10148,89.02,77.33,75.68,88.75,8.09,8.42,LOW
10149,54.06,21.0,43.28,10.33,1.01,3.35,HIGH
10150,44.65,42.6,17.48,0.0,0.0,5.96,HIGH
10151,91.56,80.56,68.96,60.42,7.75,6.75,LOW
10152,88.27,96.88,89.44,71.44,,6.91,LOW
10153,57.59,40.69,52.12,28.02,2.5,5.76,MEDIUM
10154,82.32,75.61,77.69,79.76,7.37,7.8,LOW
10155,58.31,21.64,17.35,,0.06,2.06,HIGH
10156,43.17,25.32,34.5,6.67,0.51,4.14,HIGH
10157,74.1,57.63,64.2,42.46,3.11,6.18,MEDIUM
10158,75.21,68.1,82.1,85.9,9.59,9.54,LOW
10159,62.69,55.27,53.77,51.81,4.88,4.85,MEDIUM
10160,81.12,68.36,56.22,64.37,4.75,7.8,LOW
10161,66.95,55.11,44.16,13.38,0.9,4.74,MEDIUM
10162,67.35,37.85,32.18,30.65,1.8,5.31,MEDIUM
10163,54.22,38.04,31.15,13.92,2.03,4.2,HIGH
10164,74.3,70.58,61.64,67.68,5.2,5.83,LOW
10165,90.19,75.57,81.04,54.19,5.31,8.95,LOW
10166,80.41,74.57,89.74,93.33,7.05,7.55,LOW
10167,95.74,79.73,83.7,63.41,4.11,7.62,LOW
10168,89.11,60.55,66.47,66.26,9.21,6.63,LOW
10169,34.3,34.37,42.97,17.29,2.43,6.08,HIGH
10170,84.77,69.53,72.2,75.94,9.38,8.92,LOW
10171,95.13,90.53,79.94,55.13,6.74,6.2,LOW
10172,52.84,38.16,21.56,12.73,1.0,3.92,MEDIUM
10173,78.23,84.97,69.53,73.6,8.31,6.24,LOW
10174,94.29,93.5,78.19,81.33,9.93,10.0,LOW
10175,60.59,60.83,64.72,39.93,3.15,5.82,MEDIUM
10176,81.86,57.1,71.92,61.76,5.24,8.17,LOW
10177,67.65,45.56,50.33,37.74,4.06,5.54,MEDIUM
10178,96.05,87.03,71.13,72.8,11.47,7.57,LOW
10179,75.55,57.0,88.24,63.48,5.67,6.07,MEDIUM
10180,84.98,77.58,81.04,56.1,2.71,8.02,LOW
10181,90.41,97.63,89.83,94.18,11.91,8.42,LOW
10182,69.26,47.91,63.03,27.4,2.23,7.47,MEDIUM
10183,81.68,51.46,60.26,60.71,8.93,7.13,LOW
10184,75.75,61.89,62.93,42.66,5.84,5.7,LOW
10185,49.64,33.91,42.19,35.44,3.91,5.29,MEDIUM
10186,68.95,69.24,68.02,39.29,4.51,6.58,MEDIUM
10187,89.01,80.86,96.56,75.43,8.2,8.35,LOW
10188,60.82,75.3,77.5,93.99,7.82,5.45,LOW
10189,71.96,73.45,64.48,70.91,,6.7,LOW
10190,93.97,77.76,59.45,64.27,6.66,6.77,LOW
10191,59.21,44.25,32.67,,,4.44,MEDIUM
10192,54.08,35.32,47.09,24.69,2.07,6.26,HIGH
10193,71.82,70.18,58.27,64.16,5.06,6.9,LOW
10194,63.48,27.51,39.09,6.34,0.53,6.16,HIGH
10195,42.68,32.56,39.11,9.36,0.01,4.54,HIGH
10196,62.56,48.44,48.38,65.04,,5.33,MEDIUM
10197,85.71,70.16,69.44,45.75,4.65,7.14,LOW
10198,55.63,46.89,50.57,14.03,1.29,4.91,MEDIUM
10199,75.52,59.81,48.14,20.07,2.89,4.85,MEDIUM
10200,81.96,69.85,69.0,44.94,4.53,6.4,LOW
10201,64.83,57.79,60.48,48.38,3.29,5.2,LOW
10202,91.72,60.67,49.75,31.93,3.06,7.24,MEDIUM
10203,57.28,42.64,33.27,21.52,2.15,5.12,HIGH
10204,57.84,48.67,38.12,29.0,1.65,4.83,MEDIUM
10205,64.0,49.53,54.04,45.15,5.25,5.81,MEDIUM
10206,51.47,47.7,47.73,9.13,1.65,6.29,HIGH
10207,73.69,80.3,65.91,38.83,3.98,6.83,LOW
10208,86.24,57.34,68.71,,2.7,8.02,LOW
10209,85.59,73.04,71.41,52.91,6.65,6.34,LOW
10210,73.95,70.51,,16.59,0.45,7.22,HIGH
10211,85.4,71.98,78.44,75.39,9.69,6.59,LOW
10212,68.46,35.44,41.84,26.1,1.06,3.49,HIGH
10213,38.77,38.43,24.16,8.25,0.45,4.23,HIGH
10214,42.59,10.19,13.29,2.84,0.13,4.44,HIGH
10215,65.09,58.97,68.54,37.32,3.57,6.62,MEDIUM
10216,80.86,68.37,66.94,38.16,2.38,8.42,LOW
10217,100.0,94.02,90.64,96.04,6.5,6.64,LOW
10218,45.61,33.76,60.71,12.67,1.62,5.98,HIGH
10219,63.78,30.87,37.94,40.77,3.86,5.08,MEDIUM
10220,84.55,76.66,70.81,56.6,7.95,8.26,LOW
10221,86.1,78.74,91.53,59.52,5.33,8.18,LOW
10222,35.33,29.69,37.32,14.38,0.52,4.98,HIGH
10223,51.91,50.56,32.46,,3.34,5.13,MEDIUM
10224,88.37,70.88,84.33,59.95,7.69,7.35,LOW
10225,86.45,62.57,65.68,81.95,9.33,6.36,LOW
10226,78.04,55.12,60.23,40.9,4.76,7.1,LOW
10227,45.86,51.66,46.7,46.39,3.64,5.57,MEDIUM
10228,53.22,28.88,48.75,,0.76,5.03,HIGH
10229,89.97,83.76,77.79,87.6,8.97,8.43,LOW
10230,81.45,59.07,68.02,21.23,1.44,7.65,HIGH
10231,73.75,47.94,54.42,45.97,1.27,6.16,LOW
10232,35.35,22.73,29.1,0.0,0.42,4.48,HIGH
10233,82.18,69.62,61.94,59.65,7.6,7.23,LOW
10234,65.77,63.37,70.04,74.53,5.93,4.48,LOW
10235,92.03,72.31,56.31,51.76,,7.38,LOW
10236,41.67,28.77,43.98,12.52,1.57,3.86,HIGH
10237,83.58,67.67,86.66,76.48,9.12,4.97,LOW
10238,70.27,58.36,62.26,45.33,4.28,8.07,MEDIUM
10239,92.98,76.61,67.04,83.83,8.27,6.25,LOW
10240,63.26,51.45,63.89,49.02,3.97,5.34,MEDIUM
10241,59.24,50.3,56.28,33.85,4.28,5.07,MEDIUM
10242,81.14,69.29,84.14,100.0,13.55,7.25,LOW
10243,71.16,40.8,45.26,50.16,2.85,6.39,MEDIUM
10244,78.29,68.33,74.3,69.67,6.89,5.95,LOW
10245,84.9,73.05,69.68,,6.2,6.51,LOW
10246,50.4,31.14,46.26,0.0,0.0,3.19,HIGH
10247,60.54,43.45,50.63,38.54,4.51,4.7,MEDIUM
10248,72.45,77.68,84.64,53.2,4.92,7.24,LOW
10249,57.62,47.9,48.35,28.44,4.85,3.67,MEDIUM
10250,74.19,56.32,55.41,47.94,1.95,6.27,LOW
10251,72.31,70.28,72.08,52.46,6.72,4.85,LOW
10252,56.46,36.26,27.71,15.18,1.7,4.64,HIGH
10253,90.07,73.37,81.76,73.06,8.87,6.58,LOW
10254,66.17,31.5,31.58,16.97,0.92,5.03,MEDIUM
10255,92.69,80.98,87.92,62.82,6.21,9.2,LOW
10256,89.4,79.06,75.68,73.09,7.4,7.34,LOW
10257,65.08,50.01,63.16,25.8,5.71,6.25,MEDIUM
10258,63.58,47.88,56.39,43.34,3.55,5.82,MEDIUM
10259,91.29,81.55,67.66,53.93,7.62,7.12,LOW
10260,75.34,78.52,76.93,59.6,5.92,6.22,LOW
10261,61.48,28.02,39.27,10.34,0.97,4.59,HIGH
10262,73.08,45.77,49.33,35.93,1.99,7.46,LOW
10263,40.64,44.46,30.7,4.65,1.19,3.97,HIGH
10264,84.67,63.99,68.22,51.47,2.71,6.27,LOW
10265,77.01,69.64,85.34,56.09,,7.16,LOW
10266,80.92,72.49,81.86,72.82,6.14,7.43,LOW
10267,65.61,28.65,27.81,13.57,,4.98,HIGH
10268,26.16,29.35,37.07,0.0,0.55,4.43,HIGH
10269,29.26,39.1,37.65,21.94,,5.31,HIGH
10270,75.64,77.04,62.7,56.29,5.59,6.75,LOW
10271,82.0,59.46,83.65,51.73,6.5,7.3,LOW
10272,93.21,78.05,76.0,75.43,7.67,7.01,LOW
10273,75.28,55.15,57.42,31.73,3.22,6.53,MEDIUM
10274,67.95,71.54,56.24,43.41,,7.11,LOW
10275,78.32,52.37,60.66,48.66,1.94,7.15,LOW
10276,78.11,63.32,61.17,42.01,4.86,6.61,LOW
10277,65.15,,52.09,38.98,3.26,4.36,MEDIUM
10278,69.7,59.48,44.62,23.93,3.8,6.33,MEDIUM
10279,65.18,57.36,59.85,67.67,8.68,7.28,LOW
10280,7.11,14.84,8.68,7.79,0.33,2.71,HIGH
10281,75.69,71.78,,80.32,9.14,7.81,LOW
10282,70.47,79.18,84.54,71.62,7.62,8.96,LOW
10283,68.75,36.15,37.89,44.23,5.45,3.98,MEDIUM
10284,74.95,74.51,67.89,67.28,6.2,8.85,LOW
10285,72.92,69.61,72.08,66.19,7.37,6.19,LOW
10286,60.96,39.58,44.71,18.05,1.09,4.84,HIGH
10287,50.22,43.47,25.34,11.54,1.32,4.25,HIGH
10288,71.8,70.64,70.84,41.39,4.79,6.68,LOW
10289,36.84,32.96,33.43,13.42,1.47,5.69,HIGH
10290,49.12,39.16,29.79,3.5,1.4,3.87,HIGH
10291,86.65,86.3,61.64,82.36,7.87,6.16,LOW
10292,79.68,44.19,60.85,51.64,7.08,6.2,LOW
10293,84.19,69.95,76.86,77.11,6.71,7.51,LOW
10294,82.97,100.0,99.52,72.36,8.73,9.62,LOW
10295,81.05,67.59,58.33,49.96,3.49,5.76,MEDIUM
10296,24.29,28.77,26.69,0.0,0.1,4.64,HIGH
10297,35.9,31.54,33.48,27.38,2.93,4.66,HIGH
10298,74.96,58.76,77.46,62.75,7.44,7.26,LOW
10299,97.99,81.25,83.77,61.23,7.71,10.0,LOW
10300,78.28,,77.56,38.09,3.99,7.69,MEDIUM
10301,72.33,56.67,58.92,36.29,2.11,5.29,MEDIUM
10302,61.07,29.02,39.65,13.55,1.51,3.42,HIGH
10303,82.5,70.54,87.67,69.48,7.33,8.14,LOW
10304,83.68,84.97,79.43,,5.44,6.22,LOW
10305,81.14,59.16,55.03,32.34,2.47,5.75,MEDIUM
10306,82.21,72.08,65.85,69.45,7.57,8.69,LOW
10307,91.79,64.73,,81.14,4.06,9.57,LOW
10308,74.22,61.87,61.34,57.61,6.47,8.95,LOW
10309,88.3,58.71,63.99,76.71,8.18,2.76,LOW
10310,64.28,40.62,38.78,24.06,2.16,7.07,HIGH
10311,82.76,88.43,56.25,48.4,4.64,6.62,LOW
10312,87.63,85.11,86.91,100.0,9.84,8.92,LOW
10313,81.36,63.85,60.01,32.69,0.41,6.49,LOW
10314,94.51,86.32,91.84,96.82,11.28,8.75,LOW
10315,84.3,82.37,74.25,68.78,5.75,8.31,LOW
10316,60.29,55.48,45.19,20.46,2.4,6.61,MEDIUM
10317,82.09,62.17,72.51,61.52,4.86,7.12,LOW
10318,78.72,75.78,63.01,36.16,2.98,5.6,LOW
10319,84.64,74.38,69.24,80.04,11.79,6.59,LOW
10320,90.94,79.03,77.95,50.68,3.12,6.63,LOW
10321,52.6,44.28,45.6,18.62,1.67,5.1,HIGH
10322,89.59,71.28,95.28,80.24,6.57,7.67,LOW
10323,56.59,39.46,28.33,23.93,1.53,2.71,HIGH
10324,52.78,31.83,14.05,14.59,1.97,4.87,HIGH
10325,68.28,48.32,65.78,16.37,3.51,4.04,LOW
10326,65.19,50.78,36.75,23.95,2.42,5.2,MEDIUM
10327,87.46,77.99,82.65,80.42,6.89,8.77,LOW
10328,64.1,44.81,48.03,13.07,,4.94,MEDIUM
10329,77.39,65.24,54.36,66.15,3.82,6.61,LOW
10330,46.47,34.03,47.33,26.03,0.0,5.78,MEDIUM
10331,56.83,46.95,51.47,19.37,2.13,5.32,MEDIUM
10332,62.18,51.89,67.19,38.72,4.61,7.07,MEDIUM
10333,84.4,71.71,79.06,78.38,,7.39,LOW
10334,70.55,59.54,,41.81,2.74,5.66,MEDIUM
10335,62.23,65.81,61.54,26.77,1.92,4.3,HIGH
10336,69.26,60.29,44.53,72.15,7.57,5.72,LOW
10337,47.27,38.39,51.49,13.41,1.1,5.28,HIGH
10338,66.82,36.69,28.82,11.12,1.22,4.81,HIGH
10339,80.69,65.99,67.68,73.64,5.7,8.91,LOW
10340,86.67,80.85,,48.26,5.12,6.8,LOW
10341,84.65,75.44,73.21,78.42,10.41,6.73,LOW
10342,45.44,,35.07,8.93,1.1,1.92,HIGH
10343,83.96,88.1,87.13,61.79,9.44,6.92,LOW
10344,59.36,42.41,52.46,45.21,3.37,6.17,MEDIUM
10345,56.23,44.04,49.97,16.85,2.36,6.77,MEDIUM
10346,82.66,78.24,84.62,71.5,9.19,8.64,LOW
10347,49.59,16.43,19.7,13.72,1.01,2.74,HIGH
10348,87.2,,80.98,52.94,3.15,6.15,LOW
10349,90.14,88.97,87.51,89.2,,9.54,LOW
10350,86.69,,87.14,100.0,11.54,8.86,LOW
10351,28.62,23.85,30.36,28.11,1.15,5.44,HIGH
10352,64.06,44.65,44.41,15.1,2.91,5.36,MEDIUM
10353,85.38,88.23,84.28,50.56,5.78,10.0,LOW
10354,82.69,73.1,71.99,,4.68,7.71,LOW
10355,23.32,1.91,26.56,14.38,0.56,0.0,HIGH
10356,61.23,71.57,60.71,33.3,1.38,7.94,MEDIUM
10357,87.43,69.97,76.96,79.28,9.26,8.05,LOW
10358,85.35,78.58,88.16,76.31,7.09,7.73,LOW
10359,80.26,76.85,80.28,73.68,12.68,8.39,LOW
10360,75.14,76.87,85.62,70.66,4.44,7.51,LOW
10361,60.15,65.68,61.25,11.34,2.29,8.13,MEDIUM
10362,48.78,25.45,23.85,0.0,0.63,4.3,HIGH
10363,68.25,49.54,52.25,31.11,5.32,3.57,MEDIUM
10364,32.21,18.67,53.03,27.03,1.78,3.34,HIGH
10365,64.36,48.83,49.74,29.77,3.73,5.85,MEDIUM
10366,83.42,76.48,55.25,75.12,4.83,8.45,MEDIUM
10367,59.63,67.8,64.69,42.84,2.78,6.0,LOW
10368,33.92,40.43,24.94,22.6,1.69,2.85,HIGH
10369,86.56,73.14,80.82,69.73,6.78,8.1,LOW
10370,50.49,35.93,55.79,8.04,1.07,6.11,HIGH
10371,70.11,56.94,69.52,57.67,8.13,5.12,LOW
10372,91.46,73.32,78.32,95.93,9.72,8.75,LOW
10373,57.49,32.19,43.09,12.3,1.2,5.58,HIGH
10374,74.12,76.61,64.56,46.24,2.97,7.26,LOW
10375,100.0,80.8,78.37,81.95,7.23,8.43,LOW
10376,98.85,84.28,90.75,85.05,9.55,8.85,LOW
10377,68.06,60.36,66.34,55.99,4.64,6.85,MEDIUM
10378,75.88,66.03,66.14,49.86,5.2,5.6,LOW
10379,80.87,69.03,76.8,61.76,6.94,7.64,LOW
10380,90.04,93.37,80.45,48.59,6.15,8.1,LOW
10381,94.34,79.47,89.61,66.1,9.7,8.6,LOW
10382,58.45,40.55,47.61,49.87,,4.49,MEDIUM
10383,67.45,53.4,54.05,49.05,3.15,4.41,MEDIUM
10384,80.15,54.2,74.32,36.45,,7.13,LOW
10385,89.49,82.32,90.84,70.53,9.76,6.97,LOW
10386,62.05,53.85,59.73,55.76,2.7,5.58,MEDIUM
10387,67.87,58.98,52.66,34.68,2.35,4.89,MEDIUM
10388,87.8,67.94,79.27,37.44,2.45,6.55,LOW
10389,58.13,48.62,45.98,37.39,3.36,5.01,MEDIUM
10390,69.66,59.29,74.93,80.52,6.4,5.9,LOW
10391,88.75,90.46,83.85,86.95,10.06,8.71,LOW
10392,92.35,73.35,74.81,82.06,9.8,8.97,LOW
10393,75.39,45.98,,52.42,2.43,6.12,MEDIUM
10394,84.45,62.54,67.32,37.08,4.35,6.51,MEDIUM
10395,69.29,49.87,58.36,41.19,4.7,5.43,MEDIUM
10396,92.01,77.85,74.45,83.74,6.62,8.46,LOW
10397,83.73,68.42,88.35,54.36,4.63,6.61,LOW
10398,68.43,56.39,56.41,43.14,1.95,5.69,LOW
10399,29.71,27.83,39.48,0.0,0.45,3.28,HIGH
10400,65.41,50.64,,,3.7,6.29,MEDIUM
10401,78.5,59.28,84.16,71.57,8.29,8.01,LOW
10402,36.7,32.25,20.08,19.7,1.43,4.25,HIGH
10403,76.97,57.3,43.37,34.19,3.41,7.13,MEDIUM
10404,68.76,45.2,45.16,24.55,2.85,6.81,MEDIUM
10405,62.85,65.95,59.84,16.88,4.24,6.98,MEDIUM
10406,77.78,62.03,71.93,59.16,2.14,5.46,LOW
10407,74.14,63.56,66.96,43.33,5.56,6.32,LOW
10408,56.17,26.45,23.24,10.18,1.14,1.64,HIGH
10409,90.14,61.97,77.02,65.95,4.65,5.31,LOW
10410,76.11,63.57,73.41,46.45,4.32,7.97,LOW
10411,49.6,43.07,61.73,30.81,4.31,5.6,MEDIUM
10412,77.36,59.34,63.6,59.42,6.06,7.48,MEDIUM
10413,81.63,88.27,71.13,75.51,9.59,7.35,LOW
10414,70.88,56.19,49.58,50.26,5.09,4.76,LOW
10415,57.25,52.88,34.62,18.22,0.96,5.96,HIGH
10416,94.71,81.83,87.36,85.26,11.57,9.24,LOW
10417,26.74,19.02,18.31,11.63,1.52,2.82,HIGH
10418,41.32,43.12,48.17,29.06,2.9,5.57,HIGH
10419,54.58,33.65,54.46,24.61,1.83,5.82,HIGH
10420,74.01,55.34,45.12,6.82,0.0,8.2,LOW
10421,71.42,59.81,45.82,32.16,,8.56,MEDIUM
10422,49.24,42.63,43.51,18.05,1.77,4.81,HIGH
10423,85.8,63.73,68.66,38.85,,6.85,LOW
10424,70.81,46.24,58.77,38.37,2.13,5.65,MEDIUM
10425,70.17,66.88,61.54,36.79,3.76,6.27,LOW
10426,83.21,66.67,66.7,53.78,4.32,5.88,LOW
10427,73.77,51.79,56.81,33.79,0.24,6.7,LOW
10428,79.65,77.9,75.29,53.44,5.07,8.06,LOW
10429,80.58,75.84,68.12,72.99,11.2,7.51,LOW
10430,81.88,74.6,81.23,65.24,2.55,6.09,LOW
10431,44.01,49.05,63.04,52.26,4.62,5.55,MEDIUM
10432,80.77,64.62,84.44,72.56,6.66,7.52,LOW
10433,78.67,50.3,63.77,43.24,,6.81,LOW
10434,66.77,54.94,54.98,41.5,3.34,5.4,MEDIUM
10435,84.15,76.15,59.67,64.58,3.32,5.83,LOW
10436,90.89,78.03,79.46,73.03,,8.42,LOW
10437,85.85,66.66,72.47,89.98,8.28,7.92,LOW
10438,96.0,82.04,86.46,72.96,8.71,8.76,LOW
10439,61.72,37.12,19.77,16.58,0.4,4.91,HIGH
10440,90.24,91.34,69.62,,7.34,5.63,LOW
10441,64.92,59.27,51.45,56.39,3.77,5.53,MEDIUM
10442,49.82,27.83,41.54,13.85,1.32,6.04,HIGH
10443,100.0,77.89,75.43,66.34,7.03,7.9,LOW
10444,54.5,48.67,40.22,32.96,5.65,6.66,MEDIUM
10445,81.56,58.48,65.2,63.72,5.94,5.31,LOW
10446,67.36,43.64,48.28,41.75,3.62,4.13,MEDIUM
10447,83.47,73.64,79.0,63.36,5.99,9.33,LOW
10448,83.63,70.4,72.03,61.79,6.18,7.95,LOW
10449,67.04,53.94,55.16,44.39,3.83,5.19,MEDIUM
10450,89.06,80.38,81.7,80.24,8.53,8.84,LOW
10451,90.5,56.1,47.72,28.77,2.06,5.92,HIGH
10452,86.82,83.99,68.86,64.64,6.41,7.7,LOW
10453,46.92,43.4,,8.67,1.33,3.65,HIGH
10454,88.38,70.88,64.96,78.22,7.8,10.0,LOW
10455,74.63,51.75,78.53,84.5,6.57,6.01,LOW
10456,73.25,66.37,68.29,39.22,9.02,6.33,LOW
10457,47.59,39.8,35.75,20.97,1.1,5.03,HIGH
10458,87.05,81.17,67.9,53.07,8.21,8.08,LOW
10459,71.61,77.61,,57.01,4.92,7.31,LOW
10460,56.37,54.34,49.49,14.7,3.0,5.01,MEDIUM
10461,26.59,11.29,19.77,0.0,0.57,3.07,HIGH
10462,50.65,36.07,50.58,20.1,0.29,3.77,HIGH
10463,69.24,53.08,68.47,41.41,2.95,5.96,MEDIUM
10464,99.41,67.92,67.5,36.66,4.35,6.46,LOW
10465,76.4,66.91,61.23,40.13,4.4,6.23,MEDIUM
10466,13.18,36.02,38.45,18.56,0.79,2.78,HIGH
10467,30.64,33.45,20.43,1.37,1.32,4.65,HIGH
10468,82.93,48.87,66.67,73.44,7.71,7.24,LOW
10469,59.84,37.29,26.89,1.16,0.0,2.19,HIGH
10470,78.49,76.9,73.91,51.33,5.26,7.62,LOW
10471,71.91,66.93,,47.33,3.84,7.08,MEDIUM
10472,68.4,54.19,61.28,22.09,3.21,8.07,MEDIUM
10473,65.26,52.75,74.15,58.0,5.62,5.37,MEDIUM
10474,79.95,65.38,78.94,64.25,9.82,7.94,LOW
10475,76.36,55.64,57.41,59.24,6.08,5.69,LOW
10476,80.76,74.44,59.64,55.95,,7.48,MEDIUM
10477,76.08,63.67,63.13,38.16,4.67,6.68,MEDIUM
10478,73.15,48.4,60.72,28.97,4.08,8.16,MEDIUM
10479,46.12,30.04,,12.6,0.0,4.64,HIGH
10480,84.63,79.88,61.95,71.52,3.84,7.55,LOW
10481,96.27,90.41,96.34,81.05,4.87,8.92,LOW
10482,90.65,83.63,93.01,67.45,7.86,7.22,LOW
10483,38.07,23.06,44.11,14.5,1.21,4.42,HIGH
10484,72.62,51.93,72.11,32.04,3.48,6.21,MEDIUM
10485,72.65,66.8,78.04,51.97,4.01,7.44,LOW
10486,81.48,63.66,77.98,77.92,8.87,7.71,LOW
10487,60.58,34.96,36.81,41.11,3.37,5.35,MEDIUM
10488,55.18,24.59,47.98,22.57,1.99,4.59,HIGH
10489,84.97,78.07,72.06,47.89,7.88,10.0,LOW
10490,55.76,57.82,62.63,8.1,1.48,7.28,HIGH
10491,80.53,96.79,71.76,,6.58,8.48,LOW
10492,48.21,42.48,43.07,0.09,1.31,4.33,MEDIUM
10493,79.31,48.53,68.01,,3.9,5.54,LOW
10494,65.86,40.85,47.57,44.27,2.27,5.18,MEDIUM
10495,77.72,50.04,56.11,,5.02,6.04,MEDIUM
10496,73.49,68.62,,40.88,4.6,7.76,MEDIUM
10497,74.6,73.45,77.36,84.53,,8.55,LOW
10498,72.69,61.78,56.05,34.23,3.82,5.59,MEDIUM
10499,76.96,51.49,65.78,29.13,2.0,7.45,LOW
10500,62.74,,44.25,18.61,2.02,6.06,MEDIUM
10501,87.97,86.79,91.67,75.7,9.97,7.81,LOW
10502,60.94,39.99,45.49,32.6,2.38,5.7,MEDIUM
10503,82.14,70.46,73.38,70.6,11.79,7.68,LOW
10504,93.2,77.48,89.12,73.15,4.8,9.71,LOW
10505,78.47,74.16,,51.79,2.88,8.39,LOW
10506,92.3,86.03,81.4,48.15,6.49,8.4,LOW
10507,81.72,65.82,86.73,60.58,5.91,8.11,LOW
10508,57.13,37.71,33.59,23.06,2.76,5.44,HIGH
10509,86.39,93.12,77.49,32.51,1.54,8.63,LOW
10510,64.16,77.27,71.26,65.98,9.17,7.44,LOW
10511,50.76,36.79,43.76,,0.38,4.22,HIGH
10512,36.81,23.19,41.6,16.33,2.45,6.64,HIGH
10513,65.3,48.61,55.5,36.7,3.04,4.21,MEDIUM
10514,89.32,90.55,79.18,79.45,9.04,8.5,LOW
10515,68.75,60.06,63.56,,5.79,6.84,LOW
10516,82.53,83.82,68.51,61.67,5.42,7.1,LOW
10517,70.09,51.03,64.53,68.67,4.34,5.26,MEDIUM
10518,48.04,32.56,39.61,21.67,,5.63,HIGH
10519,74.04,69.89,71.35,75.28,5.65,7.76,LOW
10520,82.5,55.67,78.71,53.28,7.23,6.31,LOW
10521,91.29,90.25,88.62,69.27,9.37,9.08,LOW
10522,48.11,38.44,63.5,20.39,2.1,3.71,HIGH
10523,76.49,61.03,69.18,71.56,4.73,6.7,LOW
10524,75.45,59.92,65.48,20.62,4.48,5.28,MEDIUM
10525,54.86,35.13,,20.49,,6.25,MEDIUM
10526,70.67,47.35,75.76,54.2,5.96,7.04,MEDIUM
10527,52.06,37.92,47.23,42.8,,5.77,MEDIUM
10528,26.33,36.07,35.01,1.5,1.33,4.63,HIGH
10529,60.22,48.41,69.34,35.48,4.67,5.87,MEDIUM
10530,68.3,55.03,56.24,,5.34,4.9,LOW
10531,83.63,77.79,92.99,99.52,,7.68,LOW
10532,76.36,82.51,94.6,86.44,11.53,9.34,LOW
10533,55.32,34.33,33.91,12.07,0.2,2.62,HIGH
10534,54.51,39.57,48.35,28.43,2.88,5.51,MEDIUM
10535,80.5,77.64,64.29,61.76,6.46,8.62,LOW
10536,89.99,91.47,70.81,50.15,4.56,8.26,LOW
10537,79.69,60.33,74.0,51.48,3.36,6.51,LOW
10538,80.93,58.83,75.73,46.61,,6.85,LOW
10539,79.8,56.69,52.02,31.87,4.23,6.99,MEDIUM
10540,84.28,81.56,84.45,68.31,9.05,7.76,LOW
10541,73.07,60.83,42.79,11.48,2.21,4.8,HIGH
10542,96.33,,97.34,75.07,10.19,7.64,LOW
10543,94.51,80.74,78.08,47.29,1.93,6.21,LOW
10544,68.9,56.93,50.86,41.39,4.88,5.74,LOW
10545,92.05,,67.83,61.36,7.45,8.15,LOW
10546,84.45,68.03,52.97,69.11,6.95,6.83,LOW
10547,61.3,44.01,29.8,36.57,3.46,4.95,MEDIUM
10548,90.73,75.28,66.14,78.85,8.71,6.37,LOW
10549,92.72,75.63,71.81,86.4,9.79,7.1,LOW
10550,85.72,69.63,73.66,,7.49,8.24,LOW
10551,57.87,57.18,42.55,15.08,2.64,7.25,MEDIUM
10552,44.13,17.83,24.97,6.03,0.93,2.62,HIGH
10553,25.11,25.14,28.23,17.25,1.28,2.57,HIGH
10554,87.68,57.61,53.16,62.35,2.1,6.35,LOW
10555,56.68,40.18,23.9,15.89,0.76,4.92,HIGH
10556,88.57,77.44,64.91,62.84,3.88,7.58,LOW
10557,93.44,74.94,70.42,64.72,,8.4,LOW
10558,70.77,68.99,75.26,68.72,9.86,9.15,LOW
10559,74.74,43.85,42.69,16.08,1.89,3.3,HIGH
10560,87.75,74.62,81.06,72.92,8.15,7.67,LOW
10561,63.04,52.44,42.48,25.22,2.71,7.17,MEDIUM
10562,81.41,54.89,75.78,91.03,,8.16,LOW
10563,55.55,39.91,55.1,53.59,4.74,4.42,MEDIUM
10564,55.85,49.57,41.86,37.28,4.28,5.68,MEDIUM
10565,57.18,39.8,53.83,36.85,3.71,5.5,MEDIUM
10566,80.43,72.36,80.53,,8.76,7.37,LOW
10567,72.65,62.68,84.47,51.32,5.98,7.05,LOW
10568,62.65,60.77,45.62,25.35,2.01,5.7,MEDIUM
10569,83.16,79.55,77.96,63.92,6.47,8.7,LOW
10570,44.16,13.37,34.93,4.72,0.44,1.9,HIGH
10571,79.05,75.98,70.61,60.38,1.42,7.11,LOW
10572,85.47,56.96,65.31,55.58,7.24,5.05,LOW
10573,84.55,54.65,66.64,48.83,4.28,5.05,LOW
10574,82.76,50.34,46.7,,8.1,5.61,LOW
10575,70.12,54.57,53.04,32.19,2.2,6.43,MEDIUM
10576,73.96,60.04,82.51,64.58,4.57,6.62,LOW
10577,66.39,50.77,46.48,31.69,4.25,5.6,MEDIUM
10578,87.39,76.69,78.96,49.5,6.05,7.43,LOW
10579,72.22,67.86,70.56,55.93,7.47,6.4,LOW
10580,75.12,49.92,57.53,64.37,6.26,7.84,LOW
10581,73.82,75.58,70.21,45.91,7.35,7.67,LOW
10582,82.61,65.91,67.27,62.55,5.29,6.73,LOW
10583,88.33,75.07,79.01,66.92,6.38,6.97,LOW
10584,43.07,37.63,34.94,14.04,1.84,3.71,HIGH
10585,82.57,82.64,100.0,81.73,,8.53,LOW
10586,49.78,53.33,43.84,30.09,2.5,4.41,MEDIUM
10587,74.45,68.81,70.99,49.54,5.48,7.16,LOW
10588,87.86,94.28,84.67,73.83,10.66,8.09,LOW
10589,52.65,27.55,,19.84,1.83,2.46,HIGH
10590,40.73,25.16,26.98,,0.64,4.73,HIGH
10591,86.43,90.78,79.02,61.07,3.78,8.37,LOW
10592,67.92,62.31,56.29,49.37,3.44,5.94,MEDIUM
10593,84.44,72.18,64.94,52.21,4.33,9.39,LOW
10594,78.89,65.14,80.01,56.89,6.79,7.5,LOW
10595,84.44,67.75,81.39,72.0,8.42,7.71,LOW
10596,10.98,2.88,5.92,0.0,0.0,1.61,HIGH
10597,100.0,99.22,96.89,88.03,6.07,9.53,LOW
10598,88.97,86.38,97.75,81.51,,9.42,LOW
10599,88.75,74.0,81.1,61.1,5.98,7.97,LOW
10600,89.22,81.75,74.91,66.47,3.12,7.67,LOW
10601,55.66,42.24,37.1,36.61,2.22,6.11,MEDIUM
10602,49.19,50.17,68.98,45.98,5.49,4.88,MEDIUM
10603,81.88,65.58,50.92,37.11,3.69,6.89,MEDIUM
10604,89.48,67.05,68.43,76.13,4.23,6.16,LOW
10605,78.4,84.72,68.93,73.65,11.43,8.91,LOW
10606,92.79,66.31,71.14,64.63,8.4,8.17,LOW
10607,94.55,66.95,95.37,89.82,9.83,9.54,LOW
10608,83.24,60.01,57.26,58.44,3.32,5.24,LOW
10609,37.83,23.92,36.85,0.0,1.15,1.81,HIGH
10610,82.22,80.7,53.37,61.15,8.04,9.35,LOW
10611,87.98,67.18,63.54,77.46,8.21,7.18,LOW
10612,57.0,42.52,47.83,46.51,5.65,5.77,MEDIUM
10613,90.48,80.49,83.7,76.5,7.6,7.5,LOW
10614,86.48,75.45,71.71,65.68,5.75,8.64,LOW
10615,76.24,68.69,70.1,100.0,7.52,7.24,LOW
10616,86.71,80.57,76.77,81.33,,7.54,LOW
10617,92.09,77.3,73.8,84.78,11.5,9.34,LOW
10618,82.44,63.87,70.62,56.27,7.55,6.96,LOW
10619,44.85,,52.25,32.0,3.04,3.61,MEDIUM
10620,88.72,69.39,67.5,64.94,8.29,9.78,LOW
10621,74.02,41.78,73.28,77.3,8.15,6.41,LOW
10622,76.7,69.22,60.03,64.77,4.38,7.93,LOW
10623,64.46,55.73,55.43,38.66,2.34,7.29,MEDIUM
10624,71.23,56.91,55.96,62.03,3.93,6.37,MEDIUM
10625,86.31,72.19,79.83,48.16,5.27,7.11,LOW
10626,90.18,83.5,83.33,63.23,7.37,8.16,LOW
10627,85.32,75.34,76.96,,6.68,9.72,LOW
10628,78.83,60.87,69.2,66.74,9.55,7.32,LOW
10629,66.84,69.25,52.59,37.94,3.77,5.81,MEDIUM
10630,82.84,82.86,71.76,43.62,3.75,6.1,LOW
10631,44.56,49.16,58.62,12.47,1.52,5.26,HIGH
10632,100.0,85.78,87.33,92.31,,9.64,LOW
10633,40.9,31.45,34.39,17.05,0.94,2.76,HIGH
10634,98.73,100.0,68.76,72.09,6.14,8.81,LOW
10635,77.21,52.81,62.27,22.4,1.85,5.99,HIGH
10636,69.85,,,30.62,2.42,6.78,MEDIUM
10637,74.92,55.67,65.08,60.61,3.02,7.29,LOW
10638,81.28,79.17,60.32,55.87,4.4,9.02,LOW
10639,43.6,15.83,36.71,22.36,1.23,3.97,HIGH
10640,86.84,50.46,82.42,72.37,8.58,6.9,LOW
10641,80.16,64.65,96.81,62.61,2.73,5.84,LOW
10642,23.86,38.67,41.2,18.5,1.21,5.21,HIGH
10643,61.71,49.9,69.15,33.29,2.74,7.42,MEDIUM
10644,81.89,77.54,69.39,62.76,5.81,8.63,LOW
10645,70.17,65.35,57.51,48.42,8.54,7.54,LOW
10646,78.21,66.49,70.56,51.03,4.58,7.92,LOW
10647,54.44,31.32,59.42,19.07,0.59,3.49,HIGH
10648,64.0,55.66,45.19,37.04,4.4,6.35,MEDIUM
10649,78.78,72.69,71.07,63.35,7.56,8.44,LOW
10650,91.88,75.4,93.91,52.34,7.45,7.98,LOW
10651,81.26,73.3,63.89,69.31,3.64,5.53,LOW
10652,81.2,68.48,72.39,64.23,6.66,6.71,LOW
10653,74.79,67.31,70.72,91.93,,6.66,LOW
10654,87.2,77.84,74.82,76.36,7.7,7.54,LOW
10655,72.96,63.25,48.89,35.0,,6.13,LOW
10656,42.9,37.26,38.54,18.42,0.94,4.45,HIGH
10657,74.32,81.45,74.65,67.59,5.8,5.81,LOW
10658,100.0,87.7,80.35,57.91,8.68,8.4,LOW
10659,65.52,45.66,46.39,17.35,3.38,6.46,MEDIUM
10660,52.41,54.69,49.98,17.87,2.35,4.96,MEDIUM
10661,35.09,32.37,25.75,14.43,1.91,4.36,HIGH
10662,80.96,47.61,59.75,47.34,5.75,6.65,LOW
10663,93.44,71.38,73.05,64.46,6.78,7.06,LOW
10664,63.29,38.25,53.58,19.87,,5.65,HIGH
10665,96.69,82.87,74.78,71.41,2.44,7.19,LOW
10666,92.86,91.67,90.24,76.24,9.65,7.63,LOW
10667,4.5,11.99,45.44,11.3,0.76,3.2,HIGH
10668,65.31,65.18,59.35,62.73,4.37,5.55,LOW
10669,27.24,32.93,13.94,7.9,1.79,4.12,HIGH
10670,44.4,23.18,21.81,13.41,1.63,4.29,HIGH
10671,67.98,45.64,67.77,50.54,3.55,6.46,MEDIUM
10672,88.09,51.6,72.12,36.8,0.89,6.19,LOW
10673,89.46,83.82,98.33,68.61,5.61,7.72,LOW
10674,57.64,46.03,57.99,25.25,3.44,6.26,MEDIUM
10675,69.0,27.25,,26.58,2.45,5.5,MEDIUM
10676,81.43,69.69,66.66,42.57,3.8,7.33,MEDIUM
10677,79.0,68.82,62.49,80.11,8.66,9.01,LOW
10678,36.72,47.61,56.1,17.48,1.05,4.38,HIGH
10679,87.81,66.17,88.46,65.96,6.36,9.07,LOW
10680,70.26,63.4,48.71,45.82,,6.47,LOW
10681,75.67,79.93,76.61,63.43,7.5,6.6,LOW
10682,75.99,62.89,68.29,60.93,2.65,6.62,LOW
10683,76.62,62.52,53.14,56.81,5.88,7.26,MEDIUM
10684,64.82,59.85,74.16,79.74,4.16,5.83,LOW
10685,81.03,86.9,79.69,67.14,4.61,6.4,LOW
10686,86.3,,76.77,,7.04,7.67,LOW
10687,79.74,69.17,86.54,62.4,5.54,5.76,LOW
10688,73.8,62.18,71.48,61.41,9.66,4.67,LOW
10689,83.64,74.5,68.96,61.4,6.65,8.36,LOW
10690,72.41,67.9,79.9,68.48,6.66,5.72,LOW
10691,42.21,28.34,25.52,13.15,1.34,3.72,HIGH
10692,77.87,49.41,54.77,,3.25,5.06,MEDIUM
10693,64.58,43.35,49.26,22.24,2.53,5.11,MEDIUM
10694,91.58,83.28,82.98,87.49,10.79,8.79,LOW
10695,62.52,48.25,72.01,65.57,8.65,7.48,LOW
10696,77.62,53.92,48.73,52.32,5.63,6.74,LOW
10697,39.61,40.86,33.46,11.41,0.52,4.95,HIGH
10698,90.19,69.29,83.86,60.31,,8.05,LOW
10699,58.11,51.64,56.99,59.2,3.95,6.77,MEDIUM
10700,55.36,28.55,,27.27,1.48,3.45,HIGH
10701,71.99,76.32,,83.78,9.2,4.94,LOW
10702,72.83,66.32,52.18,45.21,2.93,6.86,LOW
10703,56.68,31.39,51.49,43.31,4.65,4.44,MEDIUM
10704,77.74,87.83,74.56,35.08,5.55,9.22,LOW
10705,71.49,48.19,31.55,,0.69,4.72,HIGH
10706,86.87,68.16,49.74,33.6,5.84,5.93,LOW
10707,60.92,52.69,43.28,39.67,2.11,7.27,MEDIUM
10708,58.48,42.45,50.1,35.92,2.28,5.19,MEDIUM
10709,50.1,17.84,26.92,15.07,0.16,2.2,HIGH
10710,51.43,32.28,45.59,19.4,2.4,3.94,HIGH
10711,98.99,93.55,87.67,75.46,9.18,10.0,LOW
10712,93.79,85.04,88.58,83.9,6.25,7.69,LOW
10713,75.27,,65.21,77.76,7.78,5.2,LOW
10714,35.33,19.79,21.84,11.34,0.47,3.77,HIGH
10715,52.17,31.83,40.03,16.51,2.98,4.77,MEDIUM
10716,69.71,41.19,57.89,31.29,3.9,4.76,MEDIUM
10717,74.79,62.63,65.02,40.98,4.53,6.16,LOW
10718,57.76,19.19,,13.33,0.89,2.07,HIGH
10719,71.14,59.4,63.79,46.35,3.71,7.25,MEDIUM
10720,95.17,93.09,82.82,62.64,9.09,9.24,LOW
10721,37.87,6.77,27.25,5.91,0.15,2.87,HIGH
10722,91.57,66.88,54.61,48.93,2.27,8.99,LOW
10723,46.9,47.05,69.99,44.27,5.39,5.73,MEDIUM
10724,86.62,69.69,91.56,62.31,6.35,8.38,LOW
10725,73.97,41.5,62.81,49.29,4.12,4.24,LOW
10726,66.71,50.76,,52.28,4.05,6.14,MEDIUM
10727,48.57,20.88,15.12,20.31,2.55,3.39,HIGH
10728,79.71,51.68,69.71,82.27,10.08,4.79,LOW
10729,80.29,67.0,70.08,36.01,3.72,6.52,MEDIUM
10730,98.26,93.44,79.99,74.12,8.04,10.0,LOW
10731,46.85,34.76,23.44,9.79,2.23,5.19,HIGH
10732,70.23,43.54,45.77,35.16,2.45,5.23,MEDIUM
10733,58.71,24.68,30.18,6.54,0.98,3.19,HIGH
10734,64.44,30.57,44.82,16.22,2.4,3.48,MEDIUM
10735,73.53,49.97,79.62,51.95,4.81,6.06,LOW
10736,56.91,29.6,46.19,53.17,,4.59,MEDIUM
10737,76.98,52.06,69.07,43.97,4.43,7.57,LOW
10738,80.19,94.89,77.76,62.35,12.65,8.72,LOW
10739,55.25,40.16,42.95,6.03,1.41,3.25,HIGH
10740,75.9,47.55,45.42,39.28,3.31,3.94,MEDIUM
10741,30.44,14.99,12.49,6.54,1.47,2.22,HIGH
10742,79.89,62.79,70.49,61.34,5.53,8.04,LOW
10743,38.7,,42.23,16.32,1.79,5.26,HIGH
10744,18.13,7.46,33.07,13.4,0.72,0.67,HIGH
10745,41.91,29.54,31.37,11.7,2.03,0.77,HIGH
10746,67.78,39.96,,24.94,1.99,4.68,MEDIUM
10747,46.08,36.43,51.12,28.65,2.36,5.58,HIGH
10748,56.04,36.45,47.7,,0.0,3.71,MEDIUM
10749,75.16,45.67,69.47,57.89,4.04,7.42,LOW
10750,89.77,83.45,85.72,74.31,6.81,7.49,LOW
10751,76.81,59.19,72.56,56.4,7.23,6.64,LOW
10752,84.42,68.8,64.01,,0.99,6.74,LOW
10753,82.02,69.32,74.99,55.91,,7.53,LOW
10754,77.49,62.76,80.02,29.48,2.97,6.39,MEDIUM
10755,93.53,85.17,74.67,56.79,,8.26,LOW
10756,33.22,29.71,47.33,35.35,2.12,6.1,HIGH
10757,87.98,63.74,73.38,47.42,7.04,6.3,LOW
10758,91.97,73.55,92.04,46.0,5.29,9.36,LOW
10759,80.77,81.86,83.91,70.21,5.39,8.16,LOW
10760,72.42,73.28,70.8,88.53,7.71,8.19,LOW
10761,88.18,83.45,64.4,63.63,7.17,7.96,LOW
10762,55.82,36.26,54.41,39.17,4.38,5.12,MEDIUM
10763,45.52,32.36,12.96,0.22,0.7,4.2,HIGH
10764,68.16,69.44,64.98,64.45,5.72,7.1,LOW
10765,90.76,68.97,68.92,51.35,3.85,6.05,LOW
10766,95.56,72.73,74.41,54.18,7.41,9.92,LOW
10767,88.56,,73.2,65.17,3.54,7.9,LOW
10768,81.95,76.81,72.03,61.25,5.93,9.05,LOW
10769,48.52,56.7,61.91,35.06,3.93,5.0,MEDIUM
10770,84.95,78.15,79.71,58.23,6.46,7.34,LOW
10771,70.99,44.35,56.52,13.74,0.95,6.12,HIGH
10772,87.7,86.2,,66.78,10.06,7.0,LOW
10773,83.19,58.55,65.76,70.72,6.0,6.71,LOW
10774,92.87,82.65,70.16,,9.84,6.69,LOW
10775,37.37,17.22,14.92,0.0,0.36,5.06,HIGH
10776,48.32,50.85,46.07,23.93,0.44,4.52,MEDIUM
10777,90.81,72.6,76.96,49.73,3.96,6.8,LOW
10778,76.44,83.58,79.23,73.5,6.97,8.5,LOW
10779,40.62,36.59,31.13,12.94,1.05,5.06,HIGH
10780,55.09,55.18,54.07,38.08,3.85,6.76,MEDIUM
10781,78.1,68.86,70.23,40.97,3.61,6.24,MEDIUM
10782,47.3,24.91,32.96,4.37,0.1,4.04,HIGH
10783,55.96,44.61,32.35,,2.32,5.76,MEDIUM
10784,72.76,76.58,69.87,52.85,7.57,8.41,LOW
10785,26.43,9.92,27.84,4.0,0.29,2.62,HIGH
10786,80.39,,76.66,,,7.09,LOW
10787,67.28,57.68,60.5,42.09,2.96,6.93,MEDIUM
10788,59.87,47.84,44.51,36.31,,4.36,MEDIUM
10789,92.67,79.31,95.7,88.52,9.79,8.74,LOW
10790,86.06,,74.17,67.59,6.98,8.08,LOW
10791,82.57,96.05,83.99,80.49,9.62,9.3,LOW
10792,74.53,69.83,80.15,,5.79,7.13,LOW
10793,82.65,73.42,,51.14,3.52,5.28,LOW
10794,89.27,89.82,89.42,77.99,10.6,8.52,LOW
10795,27.14,27.4,19.02,18.28,1.89,3.59,HIGH
10796,100.0,85.27,76.68,78.81,7.29,7.2,LOW
10797,46.79,58.46,62.97,45.54,4.91,6.46,MEDIUM
10798,75.2,74.19,67.97,24.14,3.49,5.98,LOW
10799,100.0,79.28,94.88,80.17,10.63,8.06,LOW
10800,47.93,30.77,40.65,19.29,1.98,4.1,HIGH
10801,84.81,65.09,48.73,0.81,2.01,6.39,MEDIUM
10802,82.51,72.33,89.4,78.55,8.29,7.77,LOW
10803,68.55,65.02,53.54,5.45,0.87,5.89,HIGH
10804,33.11,35.84,43.57,16.24,2.21,5.09,HIGH
10805,84.86,76.45,80.39,83.4,8.61,7.1,LOW
10806,73.25,37.87,58.63,46.1,5.2,5.6,MEDIUM
10807,47.37,55.45,45.74,19.16,1.21,5.03,HIGH
10808,79.5,79.23,76.38,89.33,7.99,9.24,LOW
10809,57.35,36.97,50.35,7.47,2.0,5.67,MEDIUM
10810,51.48,34.21,33.52,16.39,2.73,5.03,MEDIUM
10811,70.59,62.17,83.28,65.14,5.45,5.18,LOW
10812,35.84,22.24,37.44,9.96,2.11,3.0,HIGH
10813,72.2,73.79,77.6,41.37,0.25,8.15,LOW
10814,72.67,41.78,63.73,,1.91,6.14,HIGH
10815,90.57,72.47,65.48,44.54,4.88,6.75,LOW
10816,89.74,60.19,68.18,43.9,4.78,8.71,LOW
10817,94.45,63.07,80.93,35.03,2.93,9.24,LOW
10818,93.45,83.68,73.76,,4.85,7.28,LOW
10819,77.46,62.33,75.88,61.9,4.14,5.32,LOW
10820,99.67,83.22,74.97,67.88,8.67,7.89,LOW
10821,79.95,69.1,73.31,93.15,,8.58,LOW
10822,57.01,50.46,63.12,34.2,1.88,4.62,MEDIUM
10823,75.36,68.02,75.73,64.43,7.06,5.85,LOW
10824,74.91,48.08,53.77,47.23,1.91,5.91,MEDIUM
10825,71.61,,46.42,38.95,2.7,3.57,MEDIUM
10826,22.44,20.38,28.18,11.78,1.51,4.11,HIGH
10827,89.62,66.64,68.24,60.77,6.06,7.05,LOW
10828,79.4,71.86,62.3,47.59,4.75,7.15,LOW
10829,26.65,19.93,13.24,7.85,0.52,5.85,HIGH
10830,49.04,49.13,56.8,,2.47,5.51,MEDIUM
10831,59.82,48.06,68.14,65.67,6.79,6.83,LOW
10832,37.92,32.23,29.88,17.3,,3.24,HIGH
10833,75.39,45.07,50.11,36.97,2.55,7.19,MEDIUM
10834,63.01,38.75,50.7,8.78,1.07,5.81,MEDIUM
10835,83.06,73.69,78.29,70.22,6.62,7.93,LOW
10836,46.11,32.68,50.66,54.55,4.94,4.69,MEDIUM
10837,46.17,34.05,25.45,13.42,1.26,2.53,HIGH
10838,87.15,91.87,89.26,100.0,12.33,6.97,LOW
10839,36.52,20.77,14.63,6.57,0.02,0.39,HIGH
10840,70.53,70.67,77.32,76.8,6.81,7.18,LOW
10841,65.73,51.64,,42.1,2.5,5.53,MEDIUM
10842,93.48,72.6,73.62,47.15,2.58,7.16,LOW
10843,80.81,69.72,77.51,57.76,4.36,7.78,LOW
10844,66.06,56.05,59.86,45.36,5.4,7.13,MEDIUM
10845,86.64,76.38,74.73,66.55,5.38,8.37,LOW
10846,75.62,61.2,61.69,32.4,2.09,5.99,MEDIUM
10847,48.38,28.53,30.02,0.0,0.34,4.82,HIGH
10848,80.02,89.67,82.23,80.17,7.26,8.92,LOW
10849,77.79,71.39,84.3,74.81,,8.14,LOW
10850,51.36,0.0,0.0,5.22,0.86,0.76,HIGH
10851,88.13,75.26,80.0,58.28,9.91,7.25,LOW
10852,87.73,76.62,81.92,60.81,5.85,7.85,LOW
10853,74.04,45.7,52.38,48.01,4.41,6.03,MEDIUM
10854,74.83,31.98,37.52,29.61,,5.43,MEDIUM
10855,78.28,51.12,74.26,52.22,3.42,5.97,MEDIUM
10856,75.26,60.18,57.12,60.51,1.88,5.57,LOW
10857,82.06,63.68,60.93,81.49,8.04,8.24,LOW
10858,65.78,50.8,56.82,61.56,3.74,6.22,MEDIUM
10859,29.91,7.57,18.61,,0.15,0.36,HIGH
10860,89.0,93.79,79.99,59.97,,9.45,LOW
10861,70.37,47.04,45.49,47.32,4.78,6.35,MEDIUM
10862,52.41,33.61,41.4,9.9,0.7,3.72,MEDIUM
10863,64.71,50.87,46.49,,0.34,4.17,HIGH
10864,84.8,72.59,82.47,76.92,2.25,8.26,LOW
10865,83.4,95.89,98.82,94.61,11.54,10.0,LOW
10866,29.89,25.44,40.37,17.61,1.61,4.84,HIGH
10867,66.24,46.32,51.74,51.56,4.73,4.04,MEDIUM
10868,81.85,92.49,100.0,65.28,,7.51,LOW
10869,57.17,74.8,55.89,22.8,3.11,8.0,MEDIUM
10870,69.74,48.7,56.38,32.87,2.03,7.52,LOW
10871,56.62,57.64,59.7,39.78,4.27,7.7,MEDIUM
10872,76.97,54.04,53.84,53.18,4.21,4.88,LOW
10873,86.64,72.23,79.0,47.59,3.31,7.66,LOW
10874,92.37,66.04,67.47,51.92,7.82,6.54,LOW
10875,74.96,49.32,40.98,33.87,1.17,5.5,MEDIUM
10876,76.35,63.02,47.5,33.31,3.3,7.19,MEDIUM
10877,66.23,38.39,40.02,,0.83,2.88,HIGH
10878,66.71,37.46,19.55,,1.53,3.39,HIGH
10879,79.21,65.76,49.94,35.38,4.45,7.2,MEDIUM
10880,79.95,58.85,85.62,65.84,9.31,8.04,LOW
10881,84.56,84.82,85.41,82.09,7.66,8.05,LOW
10882,87.39,54.42,63.2,80.62,7.34,8.45,LOW
10883,88.1,76.31,59.03,78.64,8.42,6.48,LOW
10884,81.91,85.55,95.71,80.13,12.2,8.33,LOW
10885,61.63,56.88,58.41,20.51,0.91,7.0,MEDIUM
10886,71.68,74.79,73.75,61.55,2.43,7.29,LOW
10887,96.74,78.15,79.93,60.44,7.67,9.53,LOW
10888,84.72,74.36,80.26,72.33,8.4,7.98,LOW
10889,56.94,41.82,37.66,31.43,4.0,4.13,MEDIUM
10890,58.72,36.8,43.31,15.21,1.64,5.35,HIGH
10891,80.89,81.26,74.12,65.53,9.34,8.25,LOW
10892,68.1,66.89,52.45,52.37,,8.22,LOW
10893,54.23,48.2,56.57,33.2,3.18,4.43,MEDIUM
10894,64.3,47.37,61.78,30.13,4.18,6.28,MEDIUM
10895,64.37,52.35,68.84,36.59,,7.3,MEDIUM
10896,88.99,64.81,80.41,66.53,4.91,8.84,LOW
10897,76.41,48.27,57.32,48.54,3.6,5.66,MEDIUM
10898,91.19,81.22,82.61,67.1,7.45,9.38,LOW
10899,72.18,53.47,38.71,14.97,3.23,4.94,MEDIUM
10900,31.27,25.38,17.3,13.12,0.57,6.84,HIGH
10901,87.52,62.89,71.52,68.59,7.91,6.11,LOW
10902,97.78,80.98,80.29,67.54,9.28,7.83,LOW
10903,78.53,60.64,57.2,68.81,2.74,5.91,LOW
10904,49.62,48.65,42.22,7.77,,5.58,HIGH
10905,30.65,44.62,72.75,9.57,1.05,5.36,HIGH
10906,80.93,67.19,64.37,62.02,6.42,6.57,LOW
10907,90.81,76.27,78.4,69.32,4.99,7.27,LOW
10908,46.62,30.23,23.4,8.24,0.48,2.33,HIGH
10909,74.97,53.07,61.55,60.22,2.49,7.09,LOW
10910,78.51,72.76,74.82,80.33,11.69,8.3,LOW
10911,93.09,84.05,92.36,63.26,6.15,7.2,LOW
10912,83.43,76.12,68.38,60.49,6.86,6.79,LOW
10913,85.63,67.4,76.08,51.09,6.34,8.74,LOW
10914,75.03,56.29,71.56,22.64,1.21,7.84,LOW
10915,51.24,40.06,26.21,14.15,1.11,3.93,HIGH
10916,59.4,51.68,45.44,,1.6,5.88,MEDIUM
10917,40.56,44.59,48.12,4.64,1.3,3.76,HIGH
10918,90.25,71.56,66.25,57.58,3.86,7.42,LOW
10919,84.59,59.63,70.31,,2.04,4.88,LOW
10920,78.01,77.9,69.09,82.98,6.59,8.1,LOW
10921,93.53,76.67,68.85,66.51,7.33,7.59,LOW
10922,82.75,60.7,56.0,50.57,3.34,6.03,LOW
10923,83.53,52.31,34.03,26.35,3.13,6.09,MEDIUM
10924,75.14,42.42,,26.93,1.01,4.54,MEDIUM
10925,37.19,33.48,37.91,16.78,1.53,5.2,HIGH
10926,72.21,61.21,67.68,53.69,7.1,6.37,LOW
10927,68.81,57.4,75.09,54.3,2.93,7.93,MEDIUM
10928,74.27,59.31,66.89,44.98,3.24,5.35,LOW
10929,89.24,75.65,87.24,89.97,11.57,9.37,LOW
10930,83.98,99.78,96.14,64.16,7.75,8.01,LOW
10931,85.81,78.52,72.95,91.81,10.01,8.5,LOW
10932,91.21,60.9,62.54,54.64,6.36,8.27,LOW
10933,91.66,72.24,68.89,75.38,8.59,6.35,LOW
10934,76.09,71.73,67.94,47.92,8.58,8.2,LOW
10935,40.37,32.41,38.5,2.84,0.43,5.8,HIGH
10936,63.33,56.95,60.55,33.15,,6.15,MEDIUM
10937,31.49,26.04,38.06,0.0,0.69,1.94,HIGH
10938,84.72,78.52,74.64,68.44,5.73,9.06,LOW
10939,38.57,51.12,,9.07,1.37,5.24,HIGH
10940,81.36,70.58,69.94,71.1,5.65,7.19,LOW
10941,78.44,79.1,70.17,74.55,3.01,7.03,LOW
10942,70.79,51.66,54.72,22.06,4.25,6.29,LOW
10943,71.15,64.97,65.24,37.22,1.35,6.68,MEDIUM
10944,80.85,53.76,72.1,45.81,7.21,8.5,LOW
10945,85.77,89.62,96.27,82.58,8.26,7.97,LOW
10946,71.97,62.4,86.73,70.57,6.44,6.91,LOW
10947,83.28,46.95,58.85,53.59,2.33,7.84,LOW
10948,90.32,75.07,71.13,66.68,7.8,8.61,LOW
10949,87.46,73.18,65.7,61.4,4.2,8.0,LOW
10950,80.73,72.59,79.05,60.89,6.19,7.5,LOW
10951,88.57,74.03,68.72,72.92,7.13,8.19,LOW
10952,39.97,37.69,36.06,9.61,,6.41,HIGH
10953,83.94,42.95,56.3,57.83,6.12,7.2,LOW
10954,39.42,33.95,27.96,14.17,1.6,0.44,HIGH
10955,68.24,67.16,59.86,53.95,5.2,6.9,LOW
10956,86.55,80.43,82.35,68.26,5.69,9.11,LOW
10957,87.45,,77.64,60.01,6.94,7.89,LOW
10958,40.2,36.18,37.77,15.0,1.77,3.88,HIGH
10959,33.13,32.33,36.19,16.45,1.16,4.21,HIGH
10960,92.18,73.25,76.41,60.42,8.58,8.68,LOW
10961,15.48,21.56,26.24,14.6,1.93,3.3,HIGH
10962,71.27,39.55,36.24,50.29,3.22,5.68,MEDIUM
10963,96.69,70.61,67.16,87.45,9.88,10.0,LOW
10964,40.51,31.43,,0.33,0.0,2.95,HIGH
10965,84.31,60.11,58.98,58.21,6.15,5.18,LOW
10966,89.11,75.76,70.69,68.76,3.72,6.12,LOW
10967,70.32,64.46,58.17,61.04,7.1,7.93,LOW
10968,70.87,58.96,52.54,39.18,5.81,6.26,MEDIUM
10969,53.72,38.61,23.92,,0.46,3.91,HIGH
10970,62.05,52.87,35.31,39.34,2.54,6.78,MEDIUM
10971,55.64,36.18,29.63,18.84,0.32,3.55,MEDIUM
10972,97.9,69.08,71.72,55.16,3.63,8.83,LOW
10973,63.0,11.75,,,1.05,3.24,HIGH
10974,60.71,47.87,47.14,32.86,5.0,5.18,MEDIUM
10975,76.02,86.59,87.74,64.84,9.47,7.49,LOW
10976,59.17,53.92,58.78,,2.8,5.99,MEDIUM
10977,62.66,7.95,17.38,15.59,1.07,1.44,HIGH
10978,83.89,89.05,76.86,86.61,7.46,9.39,LOW
10979,79.18,58.94,58.49,50.02,0.01,6.36,LOW
10980,88.01,72.61,89.55,78.2,9.92,5.82,LOW
10981,70.39,45.24,52.23,39.64,4.32,4.92,MEDIUM
10982,35.46,19.49,23.96,18.85,2.56,2.98,HIGH
10983,79.75,66.31,82.54,68.22,,7.67,LOW
10984,55.19,,43.47,10.24,0.03,4.0,MEDIUM
10985,31.55,49.58,48.02,9.0,1.67,4.69,HIGH
10986,65.29,48.9,34.35,41.8,,5.02,MEDIUM
10987,73.69,51.71,,40.3,0.71,5.17,MEDIUM
10988,72.15,,62.63,66.17,5.22,6.17,LOW
10989,72.24,52.14,69.39,55.96,6.92,5.87,LOW
10990,60.89,49.95,61.92,29.2,0.98,3.8,MEDIUM
10991,46.79,34.69,18.56,3.76,0.81,2.69,HIGH
10992,68.85,68.11,81.3,70.98,5.81,6.3,LOW
10993,20.07,19.63,,4.43,0.32,2.27,HIGH
10994,78.53,73.69,,61.49,5.93,7.38,LOW
10995,81.12,78.84,93.51,91.98,9.33,8.08,LOW
10996,43.78,21.04,11.35,1.97,0.48,5.39,HIGH
10997,71.75,60.49,58.08,68.29,5.39,6.97,LOW
10998,60.9,64.27,54.1,28.18,2.7,6.58,MEDIUM
10999,82.23,77.85,71.86,,4.66,8.65,LOW
11000,11.69,5.94,3.98,0.0,0.0,0.0,HIGH
11001,70.89,,47.02,22.09,3.91,5.68,MEDIUM
11002,62.16,66.91,80.25,47.22,4.34,6.42,MEDIUM
11003,69.83,67.61,71.62,71.17,5.93,8.87,LOW
11004,81.35,77.9,54.05,65.73,5.92,6.9,LOW
11005,68.79,34.44,34.42,44.57,3.92,4.3,MEDIUM
11006,72.27,64.9,56.61,38.38,3.34,5.26,MEDIUM
11007,79.93,58.95,59.7,53.17,6.17,7.95,LOW
11008,98.75,66.2,88.58,66.16,6.14,6.73,LOW
11009,87.19,79.1,69.79,70.84,8.58,9.01,LOW
11010,69.15,53.49,63.65,31.11,2.06,5.44,MEDIUM
11011,58.3,35.86,37.72,8.4,1.78,4.42,HIGH
11012,93.45,,83.48,,3.53,8.62,LOW
11013,80.08,89.57,80.71,87.87,12.2,7.27,LOW
11014,73.74,46.17,44.83,33.98,4.87,3.8,MEDIUM
11015,37.84,19.12,36.85,15.9,0.33,3.01,HIGH
11016,75.98,38.61,37.91,9.3,1.5,6.5,HIGH
11017,58.27,38.99,45.96,30.77,2.56,5.98,HIGH
11018,84.22,68.71,74.64,49.72,7.44,7.54,LOW
11019,59.43,60.14,51.42,47.32,2.5,7.12,MEDIUM
11020,63.44,47.59,30.86,21.0,1.96,3.28,HIGH
11021,35.79,21.97,5.85,2.89,0.0,2.31,HIGH
11022,50.95,53.3,49.89,35.45,2.46,7.15,MEDIUM
11023,44.53,27.6,49.04,12.96,2.69,4.34,HIGH
11024,55.69,44.42,63.72,17.52,0.49,4.5,MEDIUM
11025,70.48,79.18,70.98,75.9,7.24,8.03,LOW
11026,80.02,75.97,66.81,58.21,5.39,6.96,LOW
11027,89.11,85.36,84.38,81.53,12.6,8.12,LOW
11028,75.95,49.4,54.97,37.01,3.08,5.62,MEDIUM
11029,82.7,68.69,61.64,54.69,4.61,6.52,LOW
11030,78.95,87.55,98.09,,9.01,9.06,LOW
11031,84.55,72.3,65.44,82.74,5.94,7.96,LOW
11032,55.05,37.2,39.5,12.37,0.0,4.88,MEDIUM
11033,83.58,83.98,90.3,67.84,8.23,8.6,LOW
11034,17.89,24.68,16.95,6.57,0.0,3.61,HIGH
11035,65.94,69.24,62.95,20.05,2.07,7.98,MEDIUM
11036,77.98,63.26,72.56,64.0,10.28,7.5,LOW
11037,64.54,46.44,48.63,,2.63,6.17,MEDIUM
11038,78.81,,73.95,33.85,4.01,8.04,MEDIUM
11039,83.44,84.79,92.49,,6.91,8.36,LOW
11040,93.45,60.46,63.79,40.33,3.26,8.51,MEDIUM
11041,83.99,84.55,74.89,78.18,8.01,9.55,LOW
11042,74.08,56.82,59.83,60.9,5.03,5.85,LOW
11043,21.74,31.89,,11.44,0.42,5.23,HIGH
11044,72.4,81.31,67.46,61.37,5.07,7.06,LOW
11045,82.42,70.97,,59.18,6.14,6.75,LOW
11046,82.97,67.27,68.14,53.91,8.35,6.48,LOW
11047,56.64,38.01,46.47,9.97,1.07,5.04,HIGH
11048,34.62,23.9,23.35,6.51,1.45,3.58,HIGH
11049,36.29,36.73,23.16,5.89,0.45,3.87,HIGH
11050,51.83,55.86,75.1,53.24,,6.22,MEDIUM
11051,56.01,43.98,68.52,38.19,2.23,5.71,MEDIUM
11052,92.69,89.37,88.42,71.52,9.08,9.44,LOW
11053,24.15,21.35,28.27,6.65,,3.56,HIGH
11054,83.06,69.33,78.64,80.7,7.97,7.34,LOW
11055,76.7,70.37,78.27,58.08,7.38,5.51,LOW
11056,87.16,68.8,82.8,57.45,8.45,7.02,LOW
11057,76.6,68.04,77.37,,7.32,7.24,LOW
11058,79.62,75.78,72.09,85.93,9.31,7.91,LOW
11059,80.69,75.3,69.88,65.4,3.75,8.55,LOW
11060,41.8,18.57,31.29,9.66,1.3,4.08,HIGH
11061,76.8,77.53,81.57,,6.2,6.02,LOW
11062,58.79,,48.96,61.4,4.48,5.16,LOW
11063,69.71,60.3,56.48,65.96,6.6,5.85,LOW
11064,83.29,80.49,60.56,56.45,7.36,6.13,LOW
11065,86.74,87.99,82.68,85.55,9.15,10.0,LOW
11066,76.47,65.89,58.06,43.22,5.14,7.4,LOW
11067,70.46,,83.05,88.09,7.92,6.28,LOW
11068,67.83,43.04,47.32,23.09,3.03,4.72,MEDIUM
11069,21.63,23.55,26.87,3.32,1.85,3.82,HIGH
11070,23.75,3.77,4.91,0.0,0.0,4.28,HIGH
11071,75.8,34.47,50.01,10.43,1.8,5.59,HIGH
11072,81.94,36.67,56.95,52.09,6.57,7.25,LOW
11073,67.7,44.1,,32.73,2.41,4.81,MEDIUM
11074,84.74,64.42,66.36,55.09,,7.42,LOW
11075,67.16,45.74,39.0,7.86,1.08,3.69,HIGH
11076,67.35,42.01,40.66,55.93,4.09,4.7,MEDIUM
11077,49.83,33.29,39.04,9.35,1.48,5.52,HIGH
11078,68.36,31.28,46.77,29.92,2.79,5.24,MEDIUM
11079,93.0,60.32,47.84,,3.5,8.1,MEDIUM
11080,36.68,30.99,35.55,12.71,1.74,4.27,HIGH
11081,70.81,41.31,45.29,22.87,3.91,4.8,MEDIUM
11082,73.84,47.94,49.16,50.3,6.15,5.43,LOW
11083,45.61,25.37,38.36,15.53,1.39,3.0,HIGH
11084,58.98,41.05,30.87,9.41,1.24,4.81,HIGH
11085,81.75,72.33,79.23,77.06,6.74,9.15,LOW
11086,43.34,20.12,35.01,14.49,0.39,4.49,HIGH
11087,47.32,40.18,50.28,9.27,0.06,6.64,HIGH
11088,69.09,54.82,62.65,,1.1,5.84,LOW
11089,55.17,42.56,40.32,7.35,,2.78,HIGH
11090,51.09,31.66,49.25,,0.0,5.24,HIGH
11091,64.43,68.68,65.67,52.77,6.51,8.07,LOW
11092,79.81,56.48,63.64,60.17,7.41,5.58,LOW
11093,55.13,41.68,49.19,65.36,5.2,6.98,MEDIUM
11094,88.08,76.13,77.84,63.16,5.38,7.45,LOW
11095,68.38,64.03,52.16,60.69,,8.32,LOW
11096,80.66,54.92,58.69,62.41,6.41,7.22,LOW
11097,70.37,71.03,63.88,81.26,5.94,7.39,MEDIUM
11098,38.4,33.85,16.05,22.67,2.02,3.76,HIGH
11099,47.84,33.52,45.91,46.28,3.97,5.28,MEDIUM
11100,73.77,61.25,67.97,55.79,6.92,10.0,LOW
11101,75.25,51.88,50.7,,3.82,7.23,MEDIUM
11102,83.22,60.19,55.31,51.1,2.33,7.25,LOW
11103,68.48,50.2,57.04,28.76,1.94,6.88,MEDIUM
11104,95.63,78.53,95.18,69.36,8.93,8.91,LOW
11105,83.27,89.08,97.21,76.82,7.39,9.95,LOW
11106,74.5,66.66,76.0,59.95,8.09,6.66,LOW
11107,43.86,35.01,48.25,5.96,0.87,6.23,HIGH
11108,93.76,78.46,88.96,87.31,10.4,6.61,LOW
11109,50.15,53.46,48.04,14.56,1.0,4.12,HIGH
11110,75.12,53.36,50.8,20.65,2.62,6.87,MEDIUM
11111,24.99,14.5,17.53,14.51,0.78,3.57,HIGH
11112,87.38,92.13,89.96,55.49,3.44,8.06,LOW
11113,49.14,39.01,44.03,8.08,1.46,3.72,HIGH
11114,97.15,,78.76,97.47,9.96,7.74,LOW
11115,84.22,66.25,84.83,74.91,6.14,7.63,LOW
11116,66.0,49.48,59.78,53.28,3.32,5.23,MEDIUM
11117,78.54,68.92,77.11,77.2,7.89,6.58,LOW
11118,22.31,23.45,18.5,2.78,0.51,0.84,HIGH
11119,70.2,30.86,35.59,20.28,1.93,4.29,HIGH
11120,46.16,29.12,23.43,25.78,2.93,5.53,HIGH
11121,33.39,32.69,42.73,7.56,1.32,4.73,HIGH
11122,70.42,44.94,55.35,16.98,1.67,4.74,HIGH
11123,75.81,52.95,54.97,33.15,1.13,4.96,MEDIUM
11124,18.1,9.4,3.58,0.0,0.0,2.7,HIGH
11125,87.96,91.92,68.98,50.79,3.69,8.92,LOW
11126,87.22,57.15,80.29,67.94,6.75,6.18,LOW
11127,59.63,49.02,59.68,24.59,2.41,6.39,HIGH
11128,29.73,5.46,0.0,0.68,0.34,1.88,HIGH
11129,67.87,57.84,62.09,54.42,2.63,7.53,MEDIUM
11130,56.5,,43.76,27.19,2.15,6.04,MEDIUM
11131,53.16,38.37,21.35,9.56,1.62,5.71,HIGH
11132,49.12,47.18,46.19,20.57,1.71,4.97,HIGH
11133,79.71,69.13,64.87,60.3,5.92,6.25,LOW
11134,77.05,74.35,57.01,67.84,6.38,6.71,LOW
11135,56.56,35.15,52.16,32.03,4.11,4.93,MEDIUM
11136,69.48,71.2,79.09,60.55,6.79,7.88,LOW
11137,86.47,78.61,78.34,64.37,,8.01,LOW
11138,58.19,50.84,67.71,31.83,2.41,6.43,HIGH
11139,50.6,35.38,31.89,11.82,0.81,3.03,HIGH
11140,80.66,62.59,46.35,43.3,5.02,6.35,MEDIUM
11141,79.85,73.43,68.9,54.58,,5.73,LOW
11142,65.02,39.36,62.51,34.78,3.27,6.83,MEDIUM
11143,78.68,75.38,91.85,77.51,9.14,8.5,LOW
11144,41.89,20.01,36.22,26.43,1.22,2.73,HIGH
11145,72.08,62.44,68.79,72.77,5.47,8.27,LOW
11146,50.78,38.39,36.03,32.58,,3.35,MEDIUM
11147,80.46,64.01,55.99,76.9,8.05,7.44,LOW
11148,26.07,29.34,23.4,0.0,0.74,3.61,HIGH
11149,76.79,48.29,45.17,31.29,3.79,4.5,MEDIUM
11150,41.2,15.8,37.48,7.4,1.59,3.86,HIGH
11151,74.25,53.38,49.65,58.79,4.57,4.36,LOW
11152,100.0,83.2,66.27,62.33,1.15,8.59,LOW
11153,84.37,77.03,80.38,68.85,4.16,7.18,LOW
11154,87.25,78.97,72.64,75.39,6.66,7.47,LOW
11155,81.05,74.9,75.0,58.06,8.18,7.0,LOW
11156,93.75,70.58,56.56,71.92,5.93,5.8,LOW
11157,68.11,56.31,66.82,45.67,3.06,3.88,MEDIUM
11158,70.33,52.75,,60.08,5.8,6.75,LOW
11159,48.37,42.66,32.78,0.27,0.75,4.46,HIGH
11160,40.14,51.83,29.97,22.62,2.59,3.96,HIGH
11161,71.5,78.35,66.07,52.51,6.11,8.44,LOW
11162,63.7,24.29,30.27,22.62,2.05,4.54,HIGH
11163,69.83,67.31,68.85,65.6,5.58,6.09,LOW
11164,31.57,26.34,42.27,3.4,0.19,4.32,HIGH
11165,76.74,63.07,58.38,62.89,5.9,6.42,LOW
11166,58.07,46.33,51.33,29.91,2.79,3.95,MEDIUM
11167,41.05,19.4,31.55,0.06,0.93,1.87,HIGH
11168,92.42,78.72,72.24,84.67,7.45,9.51,LOW
11169,76.67,,78.49,73.39,7.4,7.58,LOW
11170,58.6,43.72,42.6,10.45,1.53,5.28,HIGH
11171,45.93,30.37,38.67,23.65,1.88,5.13,HIGH
11172,85.4,74.83,75.23,72.5,7.61,5.03,LOW
11173,71.22,61.91,74.5,61.07,8.7,5.25,LOW
11174,77.87,39.74,38.08,16.95,1.88,4.95,MEDIUM
11175,62.39,43.93,65.07,34.69,2.79,6.71,MEDIUM
11176,72.6,72.41,73.44,70.81,4.84,7.58,LOW
11177,76.92,69.8,64.31,64.96,7.21,5.76,LOW
11178,50.27,23.29,39.51,,0.44,2.4,HIGH
11179,77.64,67.05,65.82,77.17,7.09,7.3,LOW
11180,81.83,70.71,78.83,57.84,1.16,6.32,LOW
11181,75.28,50.9,69.71,51.1,,5.3,LOW
11182,84.18,69.18,60.6,68.76,5.55,6.86,LOW
11183,41.99,35.04,33.97,19.11,,3.86,HIGH
11184,88.19,64.56,68.59,61.27,4.22,6.31,LOW
11185,73.66,61.27,66.14,41.69,,7.67,MEDIUM
11186,82.92,67.9,79.15,55.52,7.66,8.46,LOW
11187,88.95,91.84,93.69,48.72,6.51,10.0,LOW
11188,53.94,45.65,50.15,41.02,5.39,5.75,MEDIUM
11189,83.37,73.68,67.18,75.4,7.81,7.5,LOW
11190,80.7,75.81,74.38,,2.65,5.88,LOW
11191,80.88,64.68,69.64,63.2,5.38,7.64,LOW
11192,80.64,63.76,77.62,45.21,2.65,6.73,LOW
11193,66.01,61.58,79.04,38.77,3.73,8.42,MEDIUM
11194,76.17,69.2,60.32,80.06,7.74,7.0,LOW
11195,80.32,66.86,66.85,39.86,3.5,6.57,LOW
11196,79.21,70.9,79.67,38.18,2.92,7.61,LOW
11197,52.6,29.09,30.67,22.24,1.09,1.24,HIGH
11198,62.86,41.31,57.71,24.47,2.93,5.3,MEDIUM
11199,99.55,100.0,94.79,90.36,12.03,8.33,LOW
11200,65.8,32.38,49.58,18.8,1.4,5.55,MEDIUM
11201,58.0,44.51,50.67,36.01,2.47,3.02,HIGH
11202,65.11,58.15,72.87,50.33,5.2,6.26,MEDIUM
11203,72.18,72.73,74.74,74.88,6.41,6.49,LOW
11204,83.95,43.32,38.53,20.66,2.02,4.96,HIGH
11205,49.9,23.48,39.3,12.57,0.09,1.49,HIGH
11206,93.17,55.25,64.91,57.15,7.67,8.62,LOW
11207,33.36,24.54,43.37,4.95,0.0,4.78,HIGH
11208,78.69,60.32,67.42,53.31,8.01,6.51,LOW
11209,82.86,59.22,63.86,58.97,,8.5,LOW
11210,83.36,72.71,75.32,66.65,1.75,7.34,LOW
11211,98.08,91.2,83.06,72.0,8.32,7.64,LOW
11212,91.9,87.18,97.33,76.67,5.8,9.32,LOW
11213,88.98,73.08,74.08,71.25,5.62,7.74,LOW
11214,39.41,23.4,27.25,20.81,1.07,4.88,HIGH
11215,78.99,65.82,68.51,47.5,4.64,6.12,MEDIUM
11216,58.73,61.27,56.23,31.02,3.52,4.23,MEDIUM
11217,53.78,37.79,50.85,6.81,2.24,3.6,HIGH
11218,68.39,74.2,67.97,63.24,4.37,7.1,MEDIUM
11219,39.12,30.4,64.01,23.27,2.56,5.63,HIGH
11220,93.37,80.0,77.95,59.05,9.44,7.09,LOW
11221,82.48,88.09,97.42,89.86,10.17,7.53,LOW
11222,86.68,75.86,94.51,74.52,6.12,8.02,LOW
11223,77.04,72.06,60.76,58.62,6.64,8.02,LOW
11224,58.06,33.43,38.65,36.06,2.42,4.07,MEDIUM
11225,70.64,57.69,76.84,71.31,6.49,8.1,LOW
11226,80.39,61.3,76.63,55.92,5.9,5.49,LOW
11227,80.33,68.62,58.63,49.73,3.89,6.6,LOW
11228,77.11,67.08,74.07,66.91,8.71,8.34,LOW
11229,45.26,51.59,49.07,38.68,5.78,5.02,MEDIUM
11230,84.08,67.16,61.6,54.76,3.13,6.11,MEDIUM
11231,78.69,71.59,75.07,79.7,11.4,9.01,LOW
11232,61.06,37.3,49.48,39.33,2.75,4.71,MEDIUM
11233,62.17,55.18,41.04,50.65,4.2,7.11,MEDIUM
11234,60.15,53.69,,47.6,5.02,4.9,MEDIUM
11235,93.32,,76.35,71.72,6.84,7.22,LOW
11236,50.83,65.66,59.67,41.71,4.1,5.8,MEDIUM
11237,89.71,63.7,64.21,29.57,0.0,8.79,LOW
11238,87.59,67.56,74.39,69.25,4.01,7.74,LOW
11239,82.16,82.87,77.37,66.2,4.48,8.64,LOW
11240,84.83,73.78,,69.06,6.93,8.72,LOW
11241,27.98,41.18,29.26,1.65,0.59,3.88,HIGH
11242,67.73,72.22,78.89,44.42,3.8,7.54,MEDIUM
11243,83.77,70.7,63.65,66.74,7.36,7.55,LOW
11244,83.86,49.26,42.82,13.09,0.82,6.97,HIGH
11245,88.61,86.45,79.27,66.06,5.05,8.07,LOW
11246,75.79,55.93,65.41,35.96,1.53,6.63,MEDIUM
11247,79.28,56.22,65.64,33.52,3.14,5.61,MEDIUM
11248,78.0,80.82,86.5,72.77,8.97,7.61,LOW
11249,79.94,57.05,67.43,56.24,1.81,7.22,LOW
11250,91.67,83.22,77.26,57.94,6.17,8.38,LOW
11251,87.56,80.11,76.83,54.08,6.63,8.5,LOW
11252,74.93,48.81,65.9,68.49,3.08,6.72,LOW
11253,62.83,58.81,74.16,78.59,5.95,8.3,LOW
11254,78.49,74.74,79.08,61.56,3.13,7.94,LOW
11255,85.41,75.04,84.66,68.43,,7.68,LOW
11256,82.08,80.22,69.66,54.98,5.37,5.89,LOW
11257,87.7,70.01,70.89,62.4,10.18,5.71,LOW
11258,81.18,63.48,66.81,43.3,4.53,6.77,LOW
11259,55.18,37.35,49.7,26.75,2.53,6.01,MEDIUM
11260,54.67,31.73,48.32,5.94,0.96,7.7,HIGH
11261,83.63,68.4,68.16,46.04,5.53,6.38,LOW
11262,69.41,49.87,56.07,56.34,4.33,7.21,MEDIUM
11263,78.49,79.34,90.27,61.86,5.15,6.67,LOW
11264,58.56,53.77,53.05,36.35,1.97,5.28,MEDIUM
11265,87.54,68.69,70.73,76.14,6.54,5.57,LOW
11266,47.01,36.42,56.07,0.0,0.31,5.26,HIGH
11267,60.36,37.46,31.8,4.39,1.02,5.04,HIGH
11268,97.19,73.02,83.77,71.88,6.88,8.74,LOW
11269,85.31,70.16,88.88,88.9,10.36,8.25,LOW
11270,85.36,54.74,67.39,41.87,3.25,7.32,LOW
11271,72.0,45.63,55.46,29.38,2.6,4.98,MEDIUM
11272,70.51,69.61,67.01,79.23,6.52,8.1,LOW
11273,63.3,50.35,60.1,19.68,1.46,5.97,MEDIUM
11274,85.3,87.0,,63.99,6.85,6.55,LOW
11275,29.85,27.85,42.65,17.59,1.44,3.28,HIGH
11276,41.96,,61.03,14.52,,6.21,HIGH
11277,90.63,72.29,70.81,56.81,1.81,8.88,LOW
11278,67.92,70.13,59.76,,5.09,8.65,MEDIUM
11279,61.67,52.54,52.74,16.48,3.12,2.92,MEDIUM
11280,75.39,77.91,,69.44,8.08,6.9,LOW
11281,63.45,63.08,72.77,46.6,3.28,8.12,MEDIUM
11282,88.98,79.83,76.39,67.58,8.34,6.87,LOW
11283,94.17,78.66,100.0,82.13,6.38,7.94,LOW
11284,75.37,57.87,69.06,42.84,5.4,6.58,LOW
11285,60.24,37.07,25.43,18.33,1.49,4.0,MEDIUM
11286,38.99,34.29,30.82,10.6,1.69,3.39,HIGH
11287,82.26,63.19,70.37,45.69,,5.53,LOW
11288,34.05,24.95,14.74,1.31,0.68,4.71,HIGH
11289,61.22,40.74,60.73,2.9,2.13,4.74,MEDIUM
11290,22.39,15.54,26.27,4.72,0.54,2.57,HIGH
11291,91.74,80.31,75.71,70.4,7.36,8.0,LOW
11292,80.29,80.76,67.62,54.37,6.08,8.74,LOW
11293,64.03,63.3,76.08,63.38,6.01,5.51,MEDIUM
11294,88.7,85.6,59.63,52.53,4.93,8.58,LOW
11295,81.28,,56.31,70.82,,6.92,LOW
11296,79.37,68.13,71.39,38.99,4.67,6.62,LOW
11297,71.79,73.05,73.59,64.57,9.07,6.8,LOW
11298,71.35,60.26,55.17,44.52,6.27,5.78,LOW
11299,84.54,62.01,69.29,63.68,6.56,6.23,LOW
11300,60.15,41.97,37.41,55.69,5.06,4.94,MEDIUM
11301,48.88,28.32,48.27,10.24,1.56,3.77,HIGH
11302,76.83,62.9,68.6,61.64,5.58,6.49,LOW
11303,43.81,30.82,28.01,13.73,0.97,2.47,HIGH
11304,78.56,68.09,70.88,56.03,6.09,5.33,LOW
11305,86.87,70.6,67.88,70.17,4.77,8.26,LOW
11306,88.87,78.33,75.16,54.93,8.96,8.49,LOW
11307,78.56,73.04,73.99,59.92,5.35,6.86,LOW
11308,31.37,16.8,25.97,,0.51,3.77,HIGH
11309,82.57,76.95,76.78,68.5,,8.95,LOW
11310,79.47,72.29,75.38,72.71,6.1,8.18,LOW
11311,86.48,59.39,44.4,57.54,5.94,7.18,LOW
11312,72.05,78.68,73.83,62.0,6.2,8.54,LOW
11313,86.79,70.55,76.4,52.42,,8.13,LOW
11314,81.0,61.97,68.81,60.11,,7.69,MEDIUM
11315,91.29,81.77,81.66,82.59,8.57,10.0,LOW
11316,84.3,76.89,75.34,61.84,7.85,8.0,LOW
11317,72.39,63.26,63.68,54.81,6.73,7.25,LOW
11318,61.88,35.43,36.76,45.03,3.94,3.66,MEDIUM
11319,50.12,54.0,41.62,,2.48,7.01,MEDIUM
11320,56.62,53.51,65.43,37.18,4.81,3.94,MEDIUM
11321,37.87,35.95,40.08,17.71,,4.98,HIGH
11322,54.25,37.92,34.82,26.79,2.47,4.27,MEDIUM
11323,79.62,60.37,73.92,52.74,4.1,6.38,LOW
11324,68.4,45.42,57.64,,5.21,5.86,LOW
11325,77.19,63.03,66.81,57.88,3.98,4.85,LOW
11326,97.07,76.3,77.8,54.18,5.32,6.54,LOW
11327,94.9,71.79,71.6,96.51,9.87,9.82,LOW
11328,81.44,81.86,86.99,54.91,5.25,5.38,LOW
11329,82.3,59.18,65.6,60.67,6.24,7.36,LOW
11330,83.82,69.5,88.15,60.45,8.92,6.59,LOW
11331,82.44,57.91,70.47,60.82,,6.7,LOW
11332,48.3,28.98,54.39,14.0,2.4,3.07,HIGH
11333,88.04,81.73,71.26,50.18,4.97,8.65,LOW
11334,69.93,52.86,35.73,4.59,1.35,5.16,MEDIUM
11335,77.25,66.4,63.3,67.89,3.47,5.41,LOW
11336,79.6,71.28,78.24,,8.09,8.5,LOW
11337,66.88,53.64,56.8,11.59,1.77,5.15,MEDIUM
11338,79.96,61.52,59.26,33.46,5.86,8.03,LOW
11339,83.59,63.94,65.17,80.3,7.99,6.66,LOW
11340,78.87,61.27,74.61,55.89,6.51,5.86,LOW
11341,90.65,52.71,60.52,58.77,4.06,6.36,LOW
11342,60.2,54.68,,,,6.51,LOW
11343,80.12,73.91,69.77,43.97,5.49,8.03,MEDIUM
11344,87.41,95.24,79.41,50.73,3.42,7.69,LOW
11345,56.22,61.39,67.87,38.37,3.6,5.4,MEDIUM
11346,64.18,61.97,54.97,40.29,3.52,4.55,MEDIUM
11347,57.78,42.44,48.44,30.0,3.05,7.29,MEDIUM
11348,59.15,45.06,41.72,26.27,4.44,3.98,MEDIUM
11349,44.33,15.49,0.98,10.93,0.33,2.34,HIGH
11350,44.16,34.78,58.38,33.13,2.48,5.1,HIGH
11351,72.41,55.4,66.54,55.03,1.14,6.04,LOW
11352,60.77,50.16,49.31,28.95,2.75,4.91,MEDIUM
11353,30.59,24.21,28.4,21.1,1.39,0.52,HIGH
11354,48.1,36.78,40.3,,1.42,6.39,HIGH
11355,91.06,71.37,77.11,80.65,6.0,7.85,LOW
11356,78.71,70.66,79.22,81.58,7.95,5.87,LOW
11357,83.88,56.2,75.56,61.77,7.58,7.68,LOW
11358,86.23,71.89,71.11,62.35,,8.38,LOW
11359,72.26,61.28,63.89,40.95,3.09,4.63,MEDIUM
11360,35.59,20.24,30.09,15.42,1.31,5.1,HIGH
11361,100.0,74.04,78.02,77.02,,8.1,LOW
11362,59.58,66.82,56.1,34.62,2.32,6.63,MEDIUM
11363,95.91,90.34,70.38,88.57,11.56,7.45,LOW
11364,64.73,68.42,75.14,71.9,5.75,6.35,LOW
11365,49.95,26.53,32.33,0.0,0.52,4.37,HIGH
11366,53.53,47.8,44.43,10.43,1.07,5.43,HIGH
11367,92.59,71.26,,67.99,5.45,7.67,LOW
11368,67.35,67.24,57.04,43.29,4.14,6.32,MEDIUM
11369,67.67,65.25,56.94,47.79,3.08,5.49,LOW
11370,87.84,49.4,61.54,64.43,5.31,6.71,LOW
11371,74.7,71.61,66.81,37.87,3.05,8.29,LOW
11372,76.93,68.16,60.48,40.16,,5.86,LOW
11373,63.11,36.81,45.57,8.28,2.0,5.3,MEDIUM
11374,52.62,30.57,46.92,22.83,1.95,5.78,HIGH
11375,79.74,66.02,71.16,81.09,9.5,6.3,LOW
11376,55.56,44.65,71.6,55.54,3.65,6.37,MEDIUM
11377,73.89,54.12,60.58,32.9,3.79,6.58,MEDIUM
11378,71.44,47.34,55.83,33.4,3.66,5.95,MEDIUM
11379,94.89,71.28,69.2,51.11,2.33,7.94,LOW
11380,89.24,91.29,96.25,100.0,12.23,9.15,LOW
11381,63.63,56.96,42.88,24.54,1.28,7.52,MEDIUM
11382,68.28,57.69,49.83,35.9,1.11,6.25,MEDIUM
11383,77.82,69.17,75.18,86.59,10.08,8.64,LOW
11384,76.3,48.67,53.63,13.89,3.15,7.89,MEDIUM
11385,79.56,56.11,59.64,50.64,4.79,7.12,LOW
11386,58.01,46.37,40.84,12.75,1.63,4.24,MEDIUM
11387,39.9,25.14,39.79,23.47,1.53,3.45,HIGH
11388,75.09,59.87,71.31,56.28,6.34,7.14,MEDIUM
11389,73.21,77.32,75.04,42.95,0.93,6.14,LOW
11390,89.17,71.76,77.45,64.3,7.37,8.06,LOW
11391,64.36,68.77,63.95,30.1,4.39,7.21,MEDIUM
11392,78.24,76.21,78.03,83.57,7.43,7.87,LOW
11393,24.08,30.51,26.72,17.28,0.0,2.6,HIGH
11394,50.64,62.67,61.06,42.79,2.33,6.05,MEDIUM
11395,90.47,68.04,61.36,18.65,,6.28,LOW
11396,82.22,63.46,73.1,62.37,9.62,7.97,LOW
11397,62.11,34.17,34.87,28.53,2.38,4.86,MEDIUM
11398,67.22,64.36,67.37,63.02,5.02,9.12,MEDIUM
11399,74.14,62.46,68.04,61.73,4.43,7.7,LOW
11400,71.58,81.08,76.25,,,5.88,LOW
11401,41.12,25.73,41.0,10.28,0.34,2.44,HIGH
11402,53.06,27.63,34.76,11.24,0.99,5.11,HIGH
11403,49.32,51.87,43.07,17.92,2.22,5.13,HIGH
11404,92.34,65.33,63.02,71.83,9.04,6.49,LOW
11405,95.87,85.53,91.79,83.46,8.05,9.3,LOW
11406,100.0,87.93,91.87,84.12,8.85,8.75,LOW
11407,63.54,81.19,72.73,42.18,5.46,5.41,MEDIUM
11408,86.99,,57.7,,3.01,7.28,LOW
11409,79.89,,82.91,84.39,9.26,8.39,LOW
11410,54.47,40.82,59.59,35.48,2.14,5.54,MEDIUM
11411,73.9,51.61,53.22,44.25,3.58,5.84,MEDIUM
11412,36.03,41.94,35.39,30.1,2.16,5.17,HIGH
11413,72.5,57.12,57.78,31.16,3.15,7.12,MEDIUM
11414,86.68,71.45,93.32,89.94,11.84,8.71,LOW
11415,49.32,32.14,,13.31,,3.48,HIGH
11416,28.3,43.2,47.49,13.71,2.31,4.75,HIGH
11417,82.03,85.58,95.93,86.13,9.74,9.72,LOW
11418,81.75,68.89,70.69,45.19,2.48,6.64,LOW
11419,77.38,50.63,64.08,31.14,5.05,5.08,MEDIUM
11420,86.66,70.31,84.87,100.0,13.87,8.19,LOW
11421,84.75,,65.56,53.22,5.97,7.98,LOW
11422,53.6,42.01,48.41,53.99,3.74,4.58,MEDIUM
11423,72.42,81.77,72.01,76.17,8.08,7.89,LOW
11424,34.27,38.77,48.88,30.34,2.59,6.17,MEDIUM
11425,74.82,68.71,49.34,45.21,5.78,6.57,LOW
11426,82.32,62.98,75.36,62.81,7.32,7.0,LOW
11427,81.47,67.61,81.88,89.08,,7.3,LOW
11428,91.83,69.57,84.28,72.16,11.84,8.21,LOW
11429,64.57,54.5,,38.52,4.08,5.22,MEDIUM
11430,54.89,32.96,21.8,2.03,0.8,5.13,HIGH
11431,49.49,41.55,45.4,25.3,1.93,4.59,HIGH
11432,78.03,60.38,62.47,71.62,6.56,6.15,LOW
11433,82.81,66.35,71.12,72.39,6.36,7.82,LOW
11434,84.66,68.08,79.44,67.84,8.87,7.17,LOW
11435,58.92,43.05,64.58,13.72,0.65,4.11,HIGH
11436,65.83,63.97,63.95,48.91,3.32,8.69,MEDIUM
11437,76.96,57.06,57.44,53.46,5.02,7.22,MEDIUM
11438,54.6,42.45,40.4,0.0,0.0,6.17,HIGH
11439,89.45,90.5,87.63,87.64,,8.18,LOW
11440,79.3,81.85,77.82,68.3,6.12,8.26,LOW
11441,88.14,90.32,80.58,90.1,7.34,7.44,LOW
11442,88.15,82.25,69.46,53.62,3.36,6.52,LOW
11443,77.15,60.55,73.41,61.07,6.38,6.66,LOW
11444,28.58,17.11,24.5,9.26,0.96,2.05,HIGH
11445,89.64,74.56,69.77,60.27,3.77,9.65,LOW
11446,82.71,78.12,,,5.62,8.86,LOW
11447,80.93,69.48,66.41,61.99,7.2,7.0,LOW
11448,86.57,60.7,58.99,62.86,7.82,7.51,LOW
11449,71.02,70.39,76.82,79.26,11.84,5.58,LOW
11450,69.1,55.85,38.1,21.3,3.52,5.86,MEDIUM
11451,72.09,81.22,91.04,81.6,8.01,6.85,LOW
11452,79.84,64.5,64.71,40.48,2.39,8.34,LOW
11453,65.09,20.27,28.04,3.97,0.81,3.14,HIGH
11454,78.12,63.83,66.97,57.63,3.63,8.18,LOW
11455,71.7,69.76,69.43,51.06,4.43,8.07,LOW
11456,72.88,66.72,65.98,54.8,5.78,5.57,LOW
11457,61.12,49.22,45.38,42.12,4.37,5.54,MEDIUM
11458,60.01,56.7,65.25,55.42,5.47,7.3,MEDIUM
11459,82.19,55.28,73.52,52.91,8.01,5.61,MEDIUM
11460,71.31,69.29,61.35,48.69,8.58,6.58,LOW
11461,92.83,72.78,73.92,81.95,8.1,6.81,LOW
11462,86.4,56.06,61.94,67.81,5.28,8.5,LOW
11463,86.31,68.06,65.3,57.14,4.63,5.82,LOW
11464,52.27,39.52,39.83,36.57,3.89,5.18,MEDIUM
11465,61.55,25.3,33.94,15.88,0.64,4.48,MEDIUM
11466,80.61,44.37,32.11,60.6,7.35,7.77,LOW
11467,75.07,55.83,60.66,58.25,1.79,6.41,LOW
11468,84.77,54.5,53.52,38.62,,6.01,MEDIUM
11469,49.29,50.81,63.21,24.33,2.59,3.77,MEDIUM
11470,73.39,54.33,54.09,27.96,2.6,6.36,MEDIUM
11471,93.06,81.92,76.23,71.81,8.09,7.65,LOW
11472,86.33,64.58,63.55,54.77,5.61,7.01,LOW
11473,82.41,69.71,65.1,66.88,5.9,8.39,LOW
11474,74.47,80.05,69.78,68.84,5.22,8.25,LOW
11475,62.29,48.78,51.46,32.17,2.79,5.85,MEDIUM
11476,13.52,11.05,10.09,0.14,1.01,1.81,HIGH
11477,68.33,33.23,44.51,16.23,2.02,3.86,MEDIUM
11478,90.5,84.82,83.41,66.96,7.24,7.71,LOW
11479,82.45,71.38,66.61,51.64,6.92,6.87,LOW
11480,70.87,55.39,41.63,56.44,2.87,6.47,MEDIUM
11481,43.05,19.01,11.28,11.1,0.78,1.92,HIGH
11482,77.0,60.59,61.51,60.38,5.01,6.42,MEDIUM
11483,75.14,80.73,65.48,73.11,8.47,6.8,LOW
11484,67.68,49.48,48.76,30.34,,4.99,MEDIUM
11485,33.87,27.85,32.26,8.92,0.6,1.81,HIGH
11486,42.95,27.15,35.92,9.14,1.01,3.99,HIGH
11487,54.44,52.99,,48.0,4.39,5.98,MEDIUM
11488,90.37,69.76,67.99,83.77,9.75,7.29,LOW
11489,82.31,63.58,59.75,34.48,,5.08,MEDIUM
11490,65.71,40.86,43.15,26.68,2.81,4.75,MEDIUM
11491,35.32,17.3,38.98,12.1,1.46,1.23,HIGH
11492,86.29,75.98,,50.12,5.67,8.99,LOW
11493,72.03,71.81,65.37,53.98,8.62,8.03,LOW
11494,89.75,67.45,82.5,100.0,7.11,8.62,LOW
11495,69.87,42.11,36.34,31.09,3.31,6.21,MEDIUM
11496,60.28,43.47,63.08,28.16,3.76,5.48,MEDIUM
11497,79.13,69.45,61.0,56.32,3.58,6.77,LOW
11498,79.63,72.69,72.57,74.91,,6.06,LOW
11499,40.0,26.42,37.76,14.12,1.55,4.44,HIGH
11500,91.52,75.65,76.43,45.95,4.47,8.39,LOW
11501,82.34,58.08,74.74,,8.52,5.58,LOW
11502,15.0,24.44,40.69,7.99,1.28,2.4,HIGH
11503,99.32,72.26,75.23,67.08,,8.47,LOW
11504,87.97,73.75,74.09,53.76,3.55,9.45,LOW
11505,63.2,54.21,46.31,23.77,2.09,4.27,MEDIUM
11506,89.11,76.24,69.27,52.49,7.18,6.18,LOW
11507,80.79,78.06,77.3,50.18,6.38,7.75,LOW
11508,60.99,39.88,43.53,0.0,0.54,4.69,MEDIUM
11509,81.2,69.09,74.55,73.09,6.64,7.44,LOW
11510,33.69,34.26,45.1,25.4,1.42,4.07,HIGH
11511,87.81,91.74,89.68,68.3,9.4,7.95,LOW
11512,81.3,64.46,65.71,57.97,4.13,7.03,LOW
11513,65.95,23.08,40.99,25.26,1.66,4.59,HIGH
11514,41.64,40.76,33.31,,,2.45,HIGH
11515,82.71,81.59,69.1,59.8,3.36,8.64,LOW
11516,77.08,79.66,68.1,56.58,,7.52,LOW
11517,76.06,53.04,52.83,49.44,3.53,6.17,MEDIUM
11518,70.18,25.48,44.39,12.47,1.25,3.22,HIGH
11519,74.84,64.58,75.59,64.55,5.36,6.45,LOW
11520,73.44,51.56,51.42,60.36,5.09,6.5,MEDIUM
11521,65.5,43.25,47.53,27.62,1.92,5.79,MEDIUM
11522,82.63,73.05,74.78,68.86,9.42,6.41,LOW
11523,81.01,75.08,63.96,,5.84,6.35,LOW
11524,80.52,60.21,68.45,,3.68,6.04,LOW
11525,49.59,46.74,55.66,18.79,,5.08,MEDIUM
11526,90.72,100.0,86.38,69.91,,9.14,LOW
11527,67.21,55.53,59.7,34.34,2.09,6.74,MEDIUM
11528,33.58,16.21,20.58,4.71,0.29,3.66,HIGH
11529,67.56,56.04,75.99,33.61,4.29,6.57,MEDIUM
11530,30.69,36.67,16.23,16.4,1.29,2.37,HIGH
11531,47.01,27.16,35.81,11.7,2.14,3.74,HIGH
11532,61.48,56.35,34.39,44.38,5.11,5.77,MEDIUM
11533,58.82,23.5,32.92,7.77,0.76,5.23,HIGH
11534,78.72,78.46,88.81,48.57,6.31,8.67,LOW
11535,97.72,91.95,80.18,68.61,4.85,9.4,LOW
11536,67.55,47.79,46.71,33.92,,4.51,MEDIUM
11537,78.97,71.9,65.05,66.34,5.85,6.54,LOW
11538,55.28,53.23,61.29,68.63,4.86,5.54,MEDIUM
11539,88.43,81.65,72.37,78.99,7.68,6.65,LOW
11540,48.38,27.05,41.01,15.21,0.74,4.12,MEDIUM
11541,66.37,44.3,59.62,27.52,2.06,5.95,MEDIUM
11542,85.12,78.11,69.36,74.29,6.43,8.45,LOW
11543,79.4,71.01,66.86,63.08,2.8,7.91,LOW
11544,77.41,80.87,72.19,61.91,4.27,8.42,LOW
11545,47.53,43.59,42.78,0.0,0.33,4.41,HIGH
11546,90.88,96.61,100.0,92.59,10.08,9.34,LOW
11547,80.6,84.09,76.31,,9.53,7.83,LOW
11548,72.25,59.4,63.42,36.97,2.63,6.96,MEDIUM
11549,85.16,71.05,71.72,,7.48,7.71,LOW
11550,57.45,23.14,21.77,34.74,2.26,3.37,MEDIUM
11551,43.67,49.67,44.17,18.61,1.49,5.22,HIGH
11552,79.1,85.82,79.16,70.42,,8.58,LOW
11553,57.92,53.66,56.0,16.97,1.79,5.55,MEDIUM
11554,81.68,,77.51,63.61,8.35,7.03,LOW
11555,62.18,44.09,48.24,40.6,3.19,4.93,MEDIUM
11556,70.59,58.5,53.0,44.02,2.93,5.64,MEDIUM
11557,89.07,88.89,77.18,88.06,10.43,8.27,LOW
11558,53.94,46.61,51.11,42.77,3.72,6.62,MEDIUM
11559,67.04,56.53,82.48,49.52,3.38,5.52,LOW
11560,41.01,37.48,28.55,9.06,0.44,3.74,HIGH
11561,56.36,41.92,46.67,1.72,0.8,4.16,HIGH
11562,82.53,85.59,86.22,100.0,9.45,7.39,LOW
11563,83.21,59.53,66.04,51.39,4.14,6.12,LOW
11564,88.32,75.33,99.81,71.56,8.32,10.0,LOW
11565,86.58,61.21,62.29,66.41,8.89,5.89,LOW
11566,92.06,74.05,76.14,67.81,8.38,9.44,LOW
11567,79.31,72.93,58.1,77.8,8.42,6.44,LOW
11568,70.06,17.72,9.04,3.12,0.6,4.41,HIGH
11569,86.2,74.12,78.77,61.07,8.84,7.62,LOW
11570,68.53,67.24,67.22,59.44,3.95,7.56,LOW
11571,78.24,66.72,65.17,58.34,8.05,9.51,LOW
11572,82.63,79.5,75.82,47.43,5.91,6.86,LOW
11573,62.36,61.75,61.61,22.3,0.92,7.8,MEDIUM
11574,49.41,31.72,40.9,13.72,1.39,3.85,HIGH
11575,52.68,34.36,38.59,21.1,0.54,2.1,HIGH
11576,57.16,46.35,44.82,58.12,4.34,7.02,MEDIUM
11577,82.72,68.4,79.75,82.03,10.31,6.39,LOW
11578,87.6,78.58,76.55,95.22,11.15,7.36,LOW
11579,84.73,90.45,85.23,82.48,7.97,7.94,LOW
11580,95.35,,74.06,77.62,6.38,8.72,LOW
11581,72.81,63.92,61.45,42.16,4.59,6.76,MEDIUM
11582,82.22,77.17,73.34,41.4,3.72,7.23,LOW
11583,70.22,54.13,75.33,56.9,9.04,6.42,LOW
11584,64.39,51.85,51.28,22.94,0.91,6.3,MEDIUM
11585,52.87,46.22,48.2,13.66,,1.51,HIGH
11586,77.85,68.3,74.46,61.05,8.02,6.43,LOW
11587,81.86,70.5,69.95,56.34,8.45,8.71,LOW
11588,27.48,15.66,28.58,0.0,0.22,4.46,HIGH
11589,82.63,65.28,78.49,81.49,5.52,9.49,LOW
11590,81.38,86.11,83.76,73.57,9.32,9.24,LOW
11591,93.02,73.25,79.43,81.25,9.21,5.83,LOW
11592,74.61,36.48,40.53,24.47,4.23,6.0,MEDIUM
11593,86.75,74.39,83.26,79.54,7.86,8.08,LOW
11594,64.45,50.39,46.98,62.15,4.67,5.45,MEDIUM
11595,80.91,85.63,86.92,80.44,6.05,9.87,LOW
11596,86.51,88.44,70.76,52.58,4.45,7.6,LOW
11597,81.65,50.15,61.66,45.84,3.94,5.74,LOW
11598,92.21,67.17,78.03,58.41,,8.3,LOW
11599,76.02,70.03,64.08,56.5,6.0,3.65,LOW
11600,91.2,82.41,93.58,54.62,9.56,6.76,LOW
11601,21.67,,17.13,1.46,0.58,0.11,HIGH
11602,56.5,49.97,52.86,13.21,0.46,5.39,MEDIUM
11603,76.58,85.09,97.71,81.47,10.58,5.15,LOW
11604,42.46,36.27,24.17,12.71,2.33,4.77,HIGH
11605,47.82,42.3,36.84,3.92,0.22,3.66,HIGH
11606,78.36,67.88,81.04,78.19,5.12,9.02,LOW
11607,80.37,59.81,55.92,38.46,4.95,8.02,MEDIUM
11608,98.04,86.92,97.18,89.15,11.7,10.0,LOW
11609,76.8,76.65,64.38,90.68,13.06,9.18,LOW
11610,45.66,35.46,43.95,15.3,1.6,6.35,HIGH
11611,48.47,22.22,31.58,12.15,2.68,6.16,HIGH
11612,68.23,40.19,44.25,3.25,1.42,4.61,MEDIUM
11613,85.99,53.92,70.52,100.0,9.85,7.04,LOW
11614,86.59,87.26,78.87,60.64,5.88,7.01,LOW
11615,65.07,46.25,38.13,38.31,4.0,6.28,MEDIUM
11616,89.08,83.3,82.59,85.8,,8.62,LOW
11617,77.78,65.86,72.31,61.97,6.47,5.58,LOW
11618,55.0,49.69,58.67,33.29,4.17,5.29,MEDIUM
11619,71.36,69.02,60.69,55.48,10.88,7.17,LOW
11620,79.31,59.96,66.13,42.08,3.51,6.51,MEDIUM
11621,78.74,80.48,74.87,84.14,11.8,7.1,LOW
11622,77.16,65.63,62.04,,7.67,7.22,LOW
11623,94.06,,98.59,100.0,,9.63,LOW
11624,85.21,93.54,89.16,84.44,8.13,8.39,LOW
11625,92.87,75.23,92.45,81.48,6.95,7.87,LOW
11626,70.7,70.72,68.83,65.75,6.81,7.23,LOW
11627,87.5,84.31,79.53,52.06,2.88,8.88,LOW
11628,76.74,53.72,64.66,33.03,2.34,5.84,LOW
11629,65.25,55.96,56.59,,3.61,4.8,MEDIUM
11630,71.92,68.17,65.13,60.82,5.9,7.38,LOW
11631,68.64,41.29,33.33,13.7,1.31,3.34,HIGH
11632,86.62,80.73,62.73,78.53,9.17,8.98,LOW
11633,84.56,61.72,65.94,41.6,,7.1,LOW
11634,76.96,59.27,73.78,59.13,5.65,5.93,MEDIUM
11635,94.04,78.14,62.99,52.53,2.79,7.64,LOW
11636,69.97,57.98,49.52,34.41,1.58,4.09,MEDIUM
11637,90.09,66.71,78.75,60.58,6.2,8.97,LOW
11638,53.78,28.64,45.59,23.5,,5.2,HIGH
11639,80.41,82.42,66.96,37.17,7.73,7.85,LOW
11640,87.28,93.59,89.95,80.15,8.96,7.41,LOW
11641,60.49,38.8,42.74,21.91,1.52,4.66,MEDIUM
11642,85.8,69.19,73.57,50.66,5.53,7.43,LOW
11643,90.49,55.3,62.05,58.73,6.02,6.21,LOW
11644,100.0,81.53,74.78,59.8,5.88,6.78,LOW
11645,37.4,43.22,36.76,12.84,1.42,3.77,HIGH
11646,89.01,76.51,91.0,88.96,9.07,8.02,LOW
11647,88.08,81.87,76.41,73.01,7.81,8.67,LOW
11648,69.46,52.47,55.54,44.94,3.07,6.08,MEDIUM
11649,86.4,73.03,72.81,42.38,6.78,7.17,LOW
11650,100.0,87.78,84.84,59.4,9.33,8.77,LOW
11651,59.85,25.32,42.18,12.19,1.95,5.24,HIGH
11652,42.84,18.34,28.43,0.11,0.04,3.75,HIGH
11653,71.16,32.99,28.19,20.27,,4.38,MEDIUM
11654,79.71,63.8,62.48,61.81,5.95,7.15,LOW
11655,69.57,35.12,51.86,18.09,1.4,2.86,HIGH
11656,71.19,62.39,56.75,52.53,3.82,5.32,LOW
11657,80.35,56.9,71.52,69.68,10.14,7.93,LOW
11658,75.96,67.36,57.99,57.57,6.06,7.2,LOW
11659,55.5,36.02,42.58,19.66,0.79,4.34,HIGH
11660,74.42,,70.31,67.43,9.87,5.92,LOW
11661,87.06,73.26,82.51,80.18,9.1,5.6,LOW
11662,91.61,95.46,84.71,,7.07,8.42,LOW
11663,64.25,40.48,46.91,31.24,2.97,5.42,MEDIUM
11664,41.59,11.44,9.88,0.0,,2.19,HIGH
11665,99.42,71.43,89.6,,6.35,8.77,LOW
11666,64.87,48.11,50.14,45.5,5.06,5.06,MEDIUM
11667,83.55,80.15,63.82,48.51,4.22,6.1,LOW
11668,49.74,47.55,40.92,38.07,3.49,5.55,MEDIUM
11669,90.38,57.25,65.84,54.84,7.08,7.71,LOW
11670,83.66,65.94,77.72,43.93,6.11,7.28,LOW
11671,58.27,43.74,34.67,16.01,0.0,5.57,MEDIUM
11672,41.21,16.49,5.14,1.85,0.49,1.24,HIGH
11673,81.67,74.74,77.89,60.15,6.14,5.75,LOW
11674,50.78,33.56,21.85,0.0,0.51,5.27,HIGH
11675,85.79,59.29,64.75,71.95,7.37,5.42,LOW
11676,83.12,64.41,52.5,78.83,6.4,5.39,LOW
11677,81.52,84.84,81.7,89.92,7.8,9.2,LOW
11678,51.46,34.94,36.77,25.75,1.57,7.19,HIGH
11679,74.7,46.48,57.41,35.95,3.89,6.14,MEDIUM
11680,51.17,43.99,50.95,53.01,4.25,2.98,MEDIUM
11681,91.86,89.01,76.22,67.81,6.08,8.45,LOW
11682,73.41,59.97,78.28,64.88,5.94,6.08,LOW
11683,70.5,71.89,74.63,59.49,8.25,7.74,MEDIUM
11684,81.0,51.45,64.45,63.01,7.76,6.53,LOW
11685,82.01,73.31,,63.5,3.57,8.22,LOW
11686,51.5,42.14,40.5,36.78,,6.06,MEDIUM
11687,88.76,47.3,68.94,35.06,2.3,5.23,LOW
11688,93.33,80.32,77.54,77.42,7.61,9.88,LOW
11689,45.83,29.77,33.57,11.05,1.27,5.24,HIGH
11690,80.38,74.65,75.08,,1.78,7.66,LOW
11691,84.69,80.5,78.1,74.59,5.75,10.0,LOW
11692,47.97,30.47,50.58,43.53,2.73,4.0,MEDIUM
11693,84.21,74.67,59.96,53.23,7.25,6.04,LOW
11694,84.81,84.49,79.25,80.84,5.08,6.52,LOW
11695,65.26,33.23,37.5,38.24,2.47,4.09,MEDIUM
11696,84.98,74.0,73.85,61.87,5.41,7.83,LOW
11697,69.65,44.07,64.6,30.09,3.53,6.83,MEDIUM
11698,72.62,59.31,63.98,48.95,,8.3,LOW
11699,61.87,34.06,42.88,7.05,1.27,4.66,HIGH
11700,89.36,72.22,73.19,68.62,6.66,6.67,LOW
11701,87.45,56.51,78.87,60.53,7.07,7.76,LOW
11702,78.67,57.61,72.52,48.71,5.2,7.44,MEDIUM
11703,18.88,28.96,20.43,0.0,0.11,3.16,HIGH
11704,72.5,45.37,43.67,,3.08,5.47,MEDIUM
11705,79.27,66.88,62.24,74.01,0.96,6.62,LOW
11706,85.95,93.22,93.13,73.72,9.47,10.0,LOW
11707,34.8,34.26,35.86,0.11,0.37,4.36,HIGH
11708,87.65,,70.12,45.09,5.14,5.26,LOW
11709,71.2,57.34,51.33,,3.75,7.29,MEDIUM
11710,42.82,15.01,36.37,12.86,0.76,3.05,HIGH
11711,31.57,27.59,19.06,0.69,0.1,1.98,HIGH
11712,86.93,93.91,67.78,98.21,9.44,8.84,LOW
11713,60.54,57.75,59.58,28.6,1.98,4.33,MEDIUM
11714,53.68,32.87,40.42,14.92,1.86,5.52,HIGH
11715,86.36,51.08,54.09,60.85,3.11,6.97,LOW
11716,43.4,24.07,2.56,0.0,0.0,0.22,HIGH
11717,81.38,56.29,50.7,29.76,3.58,5.22,LOW
11718,72.81,43.16,38.02,50.44,4.31,5.15,MEDIUM
11719,75.34,28.06,33.01,27.43,2.31,5.5,HIGH
11720,77.78,70.99,74.55,72.5,7.68,6.64,LOW
11721,73.55,76.43,75.89,82.08,8.89,6.47,LOW
11722,69.74,53.37,72.11,,2.4,6.74,LOW
11723,82.05,70.91,83.92,36.8,3.92,7.31,LOW
11724,80.95,66.89,69.95,48.87,4.43,5.99,LOW
11725,80.34,57.54,79.19,44.53,4.05,7.9,LOW
11726,87.18,72.07,71.68,79.17,10.27,8.78,LOW
11727,80.18,79.24,75.89,59.66,7.93,8.78,LOW
11728,51.17,28.98,55.68,16.02,2.29,4.87,HIGH
11729,74.67,54.13,55.07,59.69,5.93,7.14,LOW
11730,59.9,61.94,63.56,56.58,4.9,6.47,MEDIUM
11731,81.6,86.95,80.04,78.26,12.46,8.59,LOW
11732,53.92,52.84,,20.11,0.85,6.98,HIGH
11733,64.06,75.04,74.77,36.46,4.24,6.26,MEDIUM
11734,47.79,29.53,34.59,4.76,,5.0,HIGH
11735,36.01,15.53,34.22,11.75,2.56,3.83,HIGH
11736,57.72,66.67,70.59,52.6,5.08,5.59,MEDIUM
11737,89.83,79.9,80.67,64.03,8.18,9.09,LOW
11738,91.1,81.24,81.5,60.99,8.01,5.02,LOW
11739,74.63,59.47,66.47,61.43,4.66,6.77,LOW
11740,87.82,74.87,73.77,52.34,4.47,6.32,LOW
11741,86.65,79.18,,69.05,4.44,7.7,LOW
11742,78.73,70.79,60.43,55.14,6.56,7.7,LOW
11743,80.77,73.86,81.29,59.89,4.03,7.94,LOW
11744,100.0,72.32,79.56,58.92,5.57,9.83,LOW
11745,89.83,82.34,68.48,50.95,3.84,8.06,LOW
11746,84.62,85.61,90.46,100.0,10.9,8.25,LOW
11747,81.4,53.79,60.48,71.05,4.38,4.71,MEDIUM
11748,86.18,54.6,60.11,63.76,4.07,7.18,LOW
11749,78.68,68.79,72.87,54.56,5.14,6.18,LOW
11750,87.49,82.84,89.2,70.4,7.77,8.83,LOW
11751,100.0,90.62,75.72,73.1,5.85,8.51,LOW
11752,94.37,76.91,75.55,57.83,6.57,7.67,LOW
11753,84.86,,84.98,77.93,8.87,8.64,LOW
11754,82.46,71.08,69.38,52.58,7.2,5.23,LOW
11755,94.65,71.5,73.88,72.44,7.68,9.42,LOW
11756,72.44,61.27,63.59,38.59,3.22,5.15,MEDIUM
11757,86.34,83.69,72.54,59.73,8.99,7.81,LOW
11758,79.78,64.24,56.93,77.65,7.91,6.77,LOW
11759,89.78,90.02,86.33,91.57,7.97,8.81,LOW
11760,73.84,76.52,69.57,29.32,6.14,6.33,LOW
11761,54.44,33.71,44.66,5.28,0.92,4.66,HIGH
11762,62.38,43.34,38.42,9.86,0.0,3.97,MEDIUM
11763,92.3,66.92,89.56,54.47,5.14,6.78,LOW
11764,82.03,61.25,70.92,43.52,3.34,6.11,LOW
11765,57.09,56.2,39.89,43.42,5.14,5.34,MEDIUM
11766,79.66,71.69,78.77,54.12,5.34,7.12,LOW
11767,73.89,73.65,80.65,,6.72,8.64,LOW
11768,84.62,65.03,69.26,35.84,5.21,6.3,LOW
11769,68.03,57.64,57.43,52.7,5.31,6.75,MEDIUM
11770,61.25,55.76,42.61,28.99,0.98,4.62,MEDIUM
11771,72.5,,77.52,61.53,6.2,5.05,LOW
11772,79.17,81.02,74.19,74.16,7.79,8.51,LOW
11773,72.38,85.17,88.3,,4.66,8.33,LOW
11774,81.32,69.33,60.27,56.14,2.95,5.25,LOW
11775,100.0,84.21,87.84,70.18,6.3,10.0,LOW
11776,78.8,84.04,75.0,72.09,8.4,9.58,LOW
11777,83.47,74.33,56.93,51.11,5.68,7.47,LOW
11778,87.61,61.53,63.54,61.79,6.79,7.01,LOW
11779,100.0,,83.64,92.22,8.97,9.83,LOW
11780,82.83,61.69,,73.16,5.09,6.94,LOW
11781,93.89,63.78,,87.63,10.57,7.13,LOW
11782,94.67,77.19,75.77,76.14,6.56,6.78,LOW
11783,74.76,77.5,74.21,59.49,6.8,7.36,LOW
11784,76.86,70.31,73.46,37.5,3.84,7.6,LOW
11785,92.77,73.55,72.75,62.43,6.19,6.23,LOW
11786,67.0,28.23,38.86,34.0,2.63,5.47,MEDIUM
11787,65.18,41.91,44.65,14.87,,5.57,MEDIUM
11788,89.36,78.79,79.19,35.12,,6.93,LOW
11789,77.06,82.4,78.23,50.24,4.91,7.65,LOW
11790,62.53,54.25,45.59,11.77,1.36,6.34,MEDIUM
11791,56.82,31.99,38.54,33.81,5.24,4.77,MEDIUM
11792,51.85,32.75,46.73,52.23,5.45,2.96,MEDIUM
11793,86.38,87.6,78.61,67.59,9.01,6.43,LOW
11794,82.89,61.3,65.11,72.08,7.43,5.58,LOW
11795,80.96,78.96,78.34,59.67,4.76,8.11,LOW
11796,81.63,74.89,86.45,52.02,6.53,8.69,LOW
11797,61.02,52.53,61.87,35.83,5.2,6.15,MEDIUM
11798,95.45,77.85,86.42,83.94,10.93,7.53,LOW
11799,76.14,48.4,56.53,40.87,4.12,6.37,MEDIUM
11800,83.17,79.71,83.86,72.41,4.91,9.72,LOW
11801,84.23,95.92,92.8,78.6,9.08,6.97,LOW
11802,69.28,50.06,70.11,30.04,2.31,5.07,MEDIUM
11803,87.98,73.89,82.97,86.98,10.57,7.96,LOW
11804,68.55,65.99,59.49,,3.21,7.73,LOW
11805,60.91,49.53,63.02,37.33,,6.32,MEDIUM
11806,82.11,76.52,74.11,52.21,7.19,8.29,LOW
11807,25.73,24.16,31.84,1.24,0.67,1.43,HIGH
11808,98.99,91.73,95.13,77.3,7.87,7.55,LOW
11809,55.35,44.17,51.0,34.8,5.07,4.64,MEDIUM
11810,91.93,73.03,82.6,57.78,3.8,9.81,LOW
11811,51.56,48.58,,63.53,,5.36,MEDIUM
11812,47.59,37.22,37.99,,2.08,7.56,MEDIUM
11813,83.45,77.28,70.65,55.34,6.41,7.56,LOW
11814,93.38,79.99,91.45,82.45,8.13,8.03,LOW
11815,96.0,81.91,90.27,49.65,4.53,6.46,LOW
11816,53.14,58.47,60.95,36.09,2.73,6.21,MEDIUM
11817,84.02,89.72,69.86,91.6,8.86,6.85,LOW
11818,77.7,67.48,70.93,73.19,6.99,9.01,LOW
11819,46.37,37.74,46.03,27.07,2.83,3.59,HIGH
11820,45.48,33.76,24.21,0.0,0.19,4.23,HIGH
11821,77.06,59.71,51.42,51.41,2.66,8.05,MEDIUM
11822,74.26,37.51,60.32,41.47,4.69,6.03,MEDIUM
11823,24.54,19.33,33.43,3.21,0.0,3.86,HIGH
11824,61.4,52.33,64.95,62.05,5.71,6.17,MEDIUM
11825,82.96,74.11,85.13,73.22,4.91,7.2,LOW
11826,84.69,85.3,91.16,74.45,3.48,7.17,LOW
11827,82.47,92.13,,51.99,5.18,7.2,LOW
11828,82.5,59.42,82.83,58.14,7.17,8.23,LOW
11829,51.46,41.8,47.94,4.99,0.04,4.84,MEDIUM
11830,75.77,64.17,73.76,58.71,5.21,8.87,LOW
11831,70.67,36.29,34.46,51.22,2.81,5.8,MEDIUM
11832,80.01,71.54,59.77,52.64,,7.66,LOW
11833,100.0,89.5,80.6,100.0,9.92,9.11,LOW
11834,76.39,64.71,67.18,69.37,4.5,8.99,LOW
11835,63.0,39.85,48.49,,0.64,4.33,MEDIUM
11836,69.36,51.0,59.76,40.04,2.76,7.85,MEDIUM
11837,49.3,48.99,33.13,15.62,2.52,2.99,HIGH
11838,72.58,48.6,49.66,31.47,4.31,3.93,MEDIUM
11839,84.49,83.66,91.55,85.09,7.9,8.8,LOW
11840,89.02,60.94,74.84,66.28,,7.27,LOW
11841,55.17,49.04,60.61,33.37,3.2,6.15,MEDIUM
11842,60.79,50.16,61.94,29.7,2.28,6.79,MEDIUM
11843,90.72,65.64,83.54,65.99,5.1,7.82,LOW
11844,86.03,60.5,80.3,66.5,6.25,6.44,LOW
11845,92.0,76.76,81.62,64.79,5.14,9.03,LOW
11846,67.75,64.04,64.92,51.83,3.4,5.52,MEDIUM
11847,27.48,20.68,31.72,7.42,0.49,2.36,HIGH
11848,64.02,49.18,46.72,7.57,,5.67,HIGH
11849,68.91,,77.05,40.75,5.0,7.79,LOW
11850,33.72,26.73,12.57,0.0,1.37,1.57,HIGH
11851,78.52,86.34,83.07,72.17,6.96,10.0,LOW
11852,63.16,9.9,21.78,7.12,0.0,3.4,HIGH
11853,79.06,62.85,62.09,54.15,4.56,8.7,LOW
11854,79.08,56.46,,56.9,3.2,7.23,LOW
11855,20.15,18.39,29.47,0.0,0.74,3.95,HIGH
11856,47.03,32.73,35.57,11.84,1.06,2.44,HIGH
11857,74.05,52.33,50.53,57.21,4.76,6.97,MEDIUM
11858,82.37,71.52,70.14,99.45,9.07,8.08,LOW
11859,43.53,24.33,,19.15,2.01,4.87,HIGH
11860,75.34,40.43,58.18,33.4,2.92,6.08,MEDIUM
11861,79.34,75.99,66.02,59.35,5.06,7.28,LOW
11862,73.65,63.38,81.25,38.61,4.92,7.41,LOW
11863,73.82,57.65,69.09,61.01,7.83,7.42,LOW
11864,85.58,60.53,68.17,45.73,2.3,8.59,LOW
11865,68.24,63.49,54.34,38.81,2.47,5.95,MEDIUM
11866,88.48,96.39,72.15,58.91,5.64,8.01,LOW
11867,86.98,66.41,83.6,63.95,4.46,7.6,LOW
11868,68.34,54.16,62.44,46.07,4.23,6.75,MEDIUM
11869,85.61,81.68,65.73,54.31,5.47,8.35,LOW
11870,23.58,16.27,28.9,11.08,1.21,1.2,HIGH
11871,83.24,70.43,83.58,,10.67,7.76,LOW
11872,29.26,30.86,28.29,8.96,1.26,4.22,HIGH
11873,92.82,88.28,82.52,85.56,10.54,8.52,LOW
11874,87.1,94.91,99.52,59.7,5.65,9.14,LOW
11875,62.05,27.2,21.34,5.72,1.54,4.29,MEDIUM
11876,47.78,2.53,5.33,18.25,0.98,0.11,HIGH
11877,35.5,25.97,29.26,6.91,1.93,3.47,HIGH
11878,60.23,55.65,52.63,44.46,3.91,7.2,MEDIUM
11879,23.94,17.7,12.6,0.0,0.2,0.0,HIGH
11880,72.53,43.4,41.39,8.76,2.41,5.59,MEDIUM
11881,84.03,75.25,72.36,77.38,10.16,8.69,LOW
11882,72.41,47.61,61.15,52.24,3.67,6.64,MEDIUM
11883,47.82,,21.85,0.0,0.71,0.6,HIGH
11884,81.14,100.0,88.37,65.35,5.12,10.0,LOW
11885,64.71,50.4,59.21,29.88,1.95,8.81,MEDIUM
11886,94.08,74.82,81.2,71.8,5.25,7.85,LOW
11887,39.68,30.47,20.43,22.0,2.31,4.31,HIGH
11888,76.67,50.12,46.45,41.73,2.25,5.8,LOW
11889,90.93,68.63,82.83,69.25,6.52,7.05,LOW
11890,58.99,42.12,54.87,45.02,4.91,4.86,LOW
11891,87.01,71.99,68.88,60.42,7.24,8.25,LOW
11892,89.24,60.66,57.9,65.44,8.2,6.92,LOW
11893,53.3,34.11,58.92,25.44,2.53,4.49,MEDIUM
11894,81.85,78.69,60.83,37.06,5.24,8.86,LOW
11895,70.59,40.41,39.03,18.44,1.12,5.1,MEDIUM
11896,62.78,44.08,53.75,78.72,3.71,4.5,LOW
11897,36.51,33.87,67.3,3.02,1.07,3.48,HIGH
11898,86.5,75.9,74.72,66.24,9.15,7.78,LOW
11899,36.03,19.83,52.27,15.26,1.95,3.16,HIGH
11900,42.42,23.44,40.54,11.88,1.02,3.69,HIGH
11901,77.62,66.04,58.26,51.33,,7.65,LOW
11902,73.76,35.27,32.95,24.75,,3.71,MEDIUM
11903,67.91,49.14,31.82,20.72,1.16,6.94,MEDIUM
11904,70.54,52.3,54.4,53.77,5.63,6.61,MEDIUM
11905,83.83,61.53,69.91,46.4,6.73,9.72,LOW
11906,85.76,69.86,70.61,84.76,8.99,4.52,LOW
11907,88.14,81.94,93.41,75.05,8.29,9.26,LOW
11908,73.66,76.85,67.73,,3.49,8.81,LOW
11909,54.26,30.75,34.28,9.01,,4.94,MEDIUM
11910,72.7,65.92,67.13,59.82,6.09,8.01,LOW
11911,89.25,80.69,91.09,71.87,7.36,8.43,LOW
11912,77.87,60.95,56.92,52.43,8.12,8.77,LOW
11913,76.69,56.62,65.46,64.81,6.91,6.17,LOW
11914,77.73,59.56,54.99,68.68,5.69,4.48,LOW
11915,85.49,63.16,84.85,64.22,5.73,4.58,LOW
11916,77.34,67.37,75.36,59.79,4.92,6.5,LOW
11917,38.31,18.25,14.35,6.34,0.94,2.07,HIGH
11918,17.3,21.37,17.33,0.0,0.0,2.22,HIGH
11919,55.55,55.61,59.04,30.13,3.1,5.72,MEDIUM
11920,73.89,67.71,73.37,35.02,2.57,6.81,MEDIUM
11921,81.27,76.56,71.59,57.3,3.18,6.93,LOW
11922,78.83,,82.68,85.38,5.07,7.89,LOW
11923,79.21,67.8,58.3,75.32,6.64,5.88,LOW
11924,92.03,77.28,67.05,57.9,2.35,8.71,LOW
11925,48.85,23.1,38.76,17.15,1.7,4.69,HIGH
11926,81.44,89.07,84.24,,6.09,8.64,LOW
11927,58.31,51.38,67.16,52.71,,5.69,MEDIUM
11928,64.27,54.47,55.56,29.78,1.29,5.37,MEDIUM
11929,72.69,69.63,61.0,42.15,5.45,7.33,LOW
11930,56.32,47.73,,17.77,0.32,4.85,MEDIUM
11931,78.56,58.41,51.95,16.16,,6.92,HIGH
11932,54.76,32.06,41.99,8.63,0.85,3.94,HIGH
11933,60.34,29.38,23.96,0.0,0.01,3.22,HIGH
11934,74.68,76.95,56.77,61.02,5.01,8.03,MEDIUM
11935,61.96,37.76,15.62,14.36,0.0,6.29,HIGH
11936,81.52,68.78,62.0,88.34,8.14,7.92,LOW
11937,56.74,36.99,41.59,,1.71,3.93,HIGH
11938,65.06,43.66,53.46,10.81,0.0,6.68,MEDIUM
11939,31.67,28.69,34.73,21.02,2.14,4.33,HIGH
11940,53.77,48.8,39.37,30.9,2.23,6.63,MEDIUM
11941,84.33,83.86,91.88,98.06,10.48,9.18,LOW
11942,86.35,66.85,60.26,55.42,3.51,7.61,LOW
11943,82.76,62.23,56.88,53.62,3.54,7.04,LOW
11944,92.06,86.67,73.2,,7.35,7.77,LOW
11945,68.9,55.22,52.33,46.34,2.25,6.01,MEDIUM
11946,89.81,,72.31,76.96,7.43,6.73,LOW
11947,76.88,62.05,68.03,50.8,3.8,7.78,LOW
11948,84.8,74.03,79.53,61.36,4.52,7.84,LOW
11949,50.23,39.14,45.41,19.19,2.71,4.52,MEDIUM
11950,76.35,61.38,72.74,55.88,5.27,5.41,LOW
11951,76.27,64.78,56.62,31.57,2.45,7.31,MEDIUM
11952,87.67,81.31,84.15,83.42,5.21,6.69,LOW
11953,43.69,43.84,43.27,14.77,1.36,4.81,HIGH
11954,78.94,77.25,79.71,57.53,5.01,7.36,LOW
11955,91.07,87.54,88.97,56.13,4.5,8.13,LOW
11956,77.78,49.22,57.42,17.91,0.11,6.23,MEDIUM
11957,83.06,80.84,63.42,,6.7,7.63,LOW
11958,94.06,79.63,87.11,,9.68,7.6,LOW
11959,76.78,58.08,81.99,50.67,4.2,6.83,MEDIUM
11960,74.24,66.16,70.65,33.86,3.14,7.67,LOW
11961,58.35,38.67,41.22,19.1,,5.88,MEDIUM
11962,82.92,81.12,75.88,64.94,6.54,8.94,LOW
11963,69.13,56.98,52.53,42.3,3.47,3.29,MEDIUM
11964,69.31,54.99,57.31,29.75,4.74,5.04,MEDIUM
11965,58.54,16.81,10.57,8.32,0.43,5.0,HIGH
11966,66.49,27.57,28.99,,0.56,2.49,HIGH
11967,88.97,70.85,66.02,71.63,8.83,8.49,LOW
11968,75.79,45.16,58.18,41.69,4.45,6.81,MEDIUM
11969,81.51,69.73,76.43,69.73,8.08,8.01,LOW
11970,51.44,16.64,35.8,11.82,2.6,2.32,HIGH
11971,65.74,61.64,78.32,,5.3,4.83,LOW
11972,97.21,72.43,,74.47,5.97,8.25,LOW
11973,57.57,38.83,56.08,18.1,1.96,5.57,HIGH
11974,51.84,27.69,29.62,,0.0,3.34,MEDIUM
11975,81.5,79.09,67.2,73.62,6.19,6.47,LOW
11976,73.34,67.83,80.03,39.96,2.98,5.63,LOW
11977,37.56,18.28,11.45,18.89,1.56,3.65,HIGH
11978,59.49,63.34,34.31,16.72,4.81,6.38,MEDIUM
11979,100.0,71.31,72.09,63.08,10.28,6.75,LOW
11980,100.0,72.82,76.29,61.25,4.69,7.33,LOW
11981,45.28,30.96,54.64,22.59,,4.87,HIGH
11982,76.59,75.89,59.87,40.67,2.67,7.77,LOW
11983,65.49,48.76,56.2,31.55,3.92,4.16,MEDIUM
11984,78.25,59.2,54.41,73.77,5.4,8.17,LOW
11985,68.66,58.51,65.08,81.13,4.03,6.48,LOW
11986,64.7,36.73,56.08,14.52,2.35,5.3,HIGH
11987,73.1,72.86,77.98,81.03,9.77,8.72,LOW
11988,48.39,27.34,33.91,9.28,0.56,3.6,HIGH
11989,81.67,81.47,71.88,83.69,11.1,8.66,LOW
11990,70.6,51.22,,30.26,2.73,6.95,MEDIUM
11991,49.96,40.94,29.41,3.07,0.99,4.53,HIGH
11992,71.61,61.14,63.49,67.34,5.51,6.47,LOW
11993,83.41,60.99,72.56,77.74,7.51,6.99,LOW
11994,81.55,64.23,61.04,51.78,8.2,7.1,LOW
11995,77.36,80.81,90.87,56.05,5.09,7.74,LOW
11996,92.24,77.41,67.79,86.73,7.97,6.9,LOW
11997,94.34,78.64,84.31,53.76,,8.06,LOW
11998,64.47,37.54,61.35,37.18,2.39,4.68,MEDIUM
11999,89.91,71.56,75.51,83.64,7.79,7.13,LOW
12000,79.37,57.88,82.2,85.29,10.2,6.78,LOW
